1000,0000,2.36,8,2018-1-1,8:00,8,0
1001,0000,11.95,8,2018-1-1,12:00,9,0
1002,0000,23.42,8,2018-1-1,17:00,10,0
1003,0000,4.68,7,2018-1-1,18:00,7,0
1004,0000,323.36,4,2018-1-1,21:00,4,0
1005,0000,2.23,8,2018-1-2,8:00,8,0
1006,0000,9.89,8,2018-1-2,12:00,8,0
1007,0000,20.12,8,2018-1-2,17:00,10,0
1008,0000,3.15,8,2018-1-3,8:00,8,0
1009,0000,8.20,8,2018-1-3,12:00,8,0
1010,0000,26.31,8,2018-1-3,17:00,10,0
1011,0000,4.97,8,2018-1-4,8:00,8,0
1012,0000,6.15,8,2018-1-4,12:00,8,0
1013,0000,11.55,8,2018-1-4,17:00,9,0
1014,0000,15.65,7,2018-1-4,18:00,7,0
1015,0000,6.60,8,2018-1-5,8:00,8,0
1016,0000,8.72,8,2018-1-5,12:00,8,0
1017,0000,9.24,8,2018-1-5,17:00,8,0
1018,0000,2.11,8,2018-1-6,8:00,8,0
1019,0000,17.90,8,2018-1-6,12:00,9,0
1020,0000,11.27,8,2018-1-6,17:00,9,0
1021,0000,199.63,4,2018-1-6,21:00,4,0
1022,0000,1.82,8,2018-1-7,8:00,8,0
1023,0000,9.48,8,2018-1-7,12:00,8,0
1024,0000,26.88,8,2018-1-7,17:00,10,0
1025,0000,11.06,7,2018-1-7,18:00,7,0
1026,0000,4.15,8,2018-1-8,8:00,8,0
1027,0000,8.34,8,2018-1-8,12:00,8,0
1028,0000,12.59,8,2018-1-8,17:00,9,0
1029,0000,515.00,6,2018-1-9,0:00,6,1
1030,0000,3.11,8,2018-1-9,8:00,8,0
1031,0000,7.32,8,2018-1-9,12:00,8,0
1032,0000,24.72,8,2018-1-9,17:00,10,0
1033,0000,202.98,2,2018-1-9,19:00,2,0
1034,0000,4.41,8,2018-1-10,8:00,8,0
1035,0000,11.78,8,2018-1-10,12:00,9,0
1036,0000,19.60,8,2018-1-10,17:00,9,0
1037,0000,11.90,7,2018-1-10,18:00,7,0
1038,0000,11700.38,0,2018-1-11,0:00,0,1
1039,0000,3.17,8,2018-1-11,8:00,8,0
1040,0000,13.72,8,2018-1-11,12:00,9,0
1041,0000,10.20,8,2018-1-11,17:00,9,0
1042,0000,313.67,4,2018-1-11,21:00,4,0
1043,0000,6.97,8,2018-1-12,8:00,8,0
1044,0000,5.10,8,2018-1-12,12:00,8,0
1045,0000,13.12,8,2018-1-12,17:00,9,0
1046,0000,2.32,8,2018-1-13,8:00,8,0
1047,0000,7.19,8,2018-1-13,12:00,8,0
1048,0000,20.32,8,2018-1-13,17:00,10,0
1049,0000,12.05,7,2018-1-13,18:00,7,0
1050,0000,3.87,8,2018-1-14,8:00,8,0
1051,0000,3.50,8,2018-1-14,12:00,8,0
1052,0000,20.62,8,2018-1-14,17:00,10,0
1053,0000,4.81,8,2018-1-15,8:00,8,0
1054,0000,5.03,8,2018-1-15,12:00,8,0
1055,0000,14.75,8,2018-1-15,17:00,9,0
1056,0000,192.79,3,2018-1-16,0:00,3,1
1057,0000,3.76,8,2018-1-16,8:00,8,0
1058,0000,8.19,8,2018-1-16,12:00,8,0
1059,0000,22.41,8,2018-1-16,17:00,10,0
1060,0000,6.37,7,2018-1-16,18:00,7,0
1061,0000,382.11,4,2018-1-16,21:00,4,0
1062,0000,1.81,8,2018-1-17,8:00,8,0
1063,0000,9.23,8,2018-1-17,12:00,8,0
1064,0000,27.76,8,2018-1-17,17:00,10,0
1065,0000,4.99,8,2018-1-18,8:00,8,0
1066,0000,3.55,8,2018-1-18,12:00,8,0
1067,0000,12.49,8,2018-1-18,17:00,9,0
1068,0000,5.50,8,2018-1-19,8:00,8,0
1069,0000,9.01,8,2018-1-19,12:00,8,0
1070,0000,8.12,8,2018-1-19,17:00,8,0
1071,0000,5.77,7,2018-1-19,18:00,7,0
1072,0000,1.85,8,2018-1-20,8:00,8,0
1073,0000,5.46,8,2018-1-20,12:00,8,0
1074,0000,28.88,8,2018-1-20,17:00,10,0
1075,0000,2.92,8,2018-1-21,8:00,8,0
1076,0000,13.66,8,2018-1-21,12:00,9,0
1077,0000,16.95,8,2018-1-21,17:00,9,0
1078,0000,250.27,4,2018-1-21,21:00,4,0
1079,0000,7.43,8,2018-1-22,8:00,8,0
1080,0000,6.98,8,2018-1-22,12:00,8,0
1081,0000,16.44,8,2018-1-22,17:00,9,0
1082,0000,15.24,7,2018-1-22,18:00,7,0
1083,0000,4.88,8,2018-1-23,8:00,8,0
1084,0000,3.86,8,2018-1-23,12:00,8,0
1085,0000,15.39,8,2018-1-23,17:00,9,0
1086,0000,4.76,8,2018-1-24,8:00,8,0
1087,0000,10.60,8,2018-1-24,12:00,9,0
1088,0000,8.69,8,2018-1-24,17:00,8,0
1089,0000,2.59,8,2018-1-25,8:00,8,0
1090,0000,11.20,8,2018-1-25,12:00,9,0
1091,0000,11.16,8,2018-1-25,17:00,9,0
1092,0000,0.36,7,2018-1-25,18:00,7,0
1093,0000,6.00,8,2018-1-26,8:00,8,0
1094,0000,8.58,8,2018-1-26,12:00,8,0
1095,0000,12.32,8,2018-1-26,17:00,9,0
1096,0000,294.97,4,2018-1-26,21:00,4,0
1097,0000,5.28,8,2018-1-27,8:00,8,0
1098,0000,9.98,8,2018-1-27,12:00,8,0
1099,0000,21.21,8,2018-1-27,17:00,10,0
1100,0000,363.10,5,2018-1-28,0:00,5,1
1101,0000,6.47,8,2018-1-28,8:00,8,0
1102,0000,11.09,8,2018-1-28,12:00,9,0
1103,0000,11.62,8,2018-1-28,17:00,9,0
1104,0000,3.95,7,2018-1-28,18:00,7,0
1105,0000,1.70,8,2018-1-29,8:00,8,0
1106,0000,6.56,8,2018-1-29,12:00,8,0
1107,0000,15.17,8,2018-1-29,17:00,9,0
1108,0000,6.09,8,2018-1-30,8:00,8,0
1109,0000,10.76,8,2018-1-30,12:00,9,0
1110,0000,16.32,8,2018-1-30,17:00,9,0
1111,0000,3.06,8,2018-1-31,8:00,8,0
1112,0000,13.00,8,2018-1-31,12:00,9,0
1113,0000,13.77,8,2018-1-31,17:00,9,0
1114,0000,8.25,7,2018-1-31,18:00,7,0
1115,0000,197.20,4,2018-1-31,21:00,4,0
1116,0000,6.04,8,2018-2-1,8:00,8,0
1117,0000,11.88,8,2018-2-1,12:00,9,0
1118,0000,10.09,8,2018-2-1,17:00,9,0
1119,0000,6.15,7,2018-2-1,18:00,7,0
1120,0000,326.67,4,2018-2-1,21:00,4,0
1121,0000,6.29,8,2018-2-2,8:00,8,0
1122,0000,7.61,8,2018-2-2,12:00,8,0
1123,0000,20.74,8,2018-2-2,17:00,10,0
1124,0000,3.45,8,2018-2-3,8:00,8,0
1125,0000,10.69,8,2018-2-3,12:00,9,0
1126,0000,10.52,8,2018-2-3,17:00,9,0
1127,0000,6.81,8,2018-2-4,8:00,8,0
1128,0000,8.96,8,2018-2-4,12:00,8,0
1129,0000,14.71,8,2018-2-4,17:00,9,0
1130,0000,18.63,7,2018-2-4,18:00,7,0
1131,0000,5.58,8,2018-2-5,8:00,8,0
1132,0000,5.72,8,2018-2-5,12:00,8,0
1133,0000,10.97,8,2018-2-5,17:00,9,0
1134,0000,1.68,8,2018-2-6,8:00,8,0
1135,0000,6.55,8,2018-2-6,12:00,8,0
1136,0000,11.01,8,2018-2-6,17:00,9,0
1137,0000,355.38,4,2018-2-6,21:00,4,0
1138,0000,3.57,8,2018-2-7,8:00,8,0
1139,0000,6.60,8,2018-2-7,12:00,8,0
1140,0000,16.87,8,2018-2-7,17:00,9,0
1141,0000,8.50,7,2018-2-7,18:00,7,0
1142,0000,2.76,8,2018-2-8,8:00,8,0
1143,0000,6.13,8,2018-2-8,12:00,8,0
1144,0000,29.22,8,2018-2-8,17:00,10,0
1145,0000,515.00,6,2018-2-9,0:00,6,1
1146,0000,7.11,8,2018-2-9,8:00,8,0
1147,0000,10.79,8,2018-2-9,12:00,9,0
1148,0000,15.59,8,2018-2-9,17:00,9,0
1149,0000,174.71,2,2018-2-9,19:00,2,0
1150,0000,2.13,8,2018-2-10,8:00,8,0
1151,0000,4.83,8,2018-2-10,12:00,8,0
1152,0000,19.14,8,2018-2-10,17:00,9,0
1153,0000,5.70,7,2018-2-10,18:00,7,0
1154,0000,2.15,8,2018-2-11,8:00,8,0
1155,0000,10.58,8,2018-2-11,12:00,9,0
1156,0000,9.83,8,2018-2-11,17:00,8,0
1157,0000,362.54,4,2018-2-11,21:00,4,0
1158,0000,6.07,8,2018-2-12,8:00,8,0
1159,0000,7.63,8,2018-2-12,12:00,8,0
1160,0000,22.40,8,2018-2-12,17:00,10,0
1161,0000,5.55,8,2018-2-13,8:00,8,0
1162,0000,8.26,8,2018-2-13,12:00,8,0
1163,0000,23.21,8,2018-2-13,17:00,10,0
1164,0000,0.49,7,2018-2-13,18:00,7,0
1165,0000,3.62,8,2018-2-14,8:00,8,0
1166,0000,12.69,8,2018-2-14,12:00,9,0
1167,0000,17.99,8,2018-2-14,17:00,9,0
1168,0000,2.64,8,2018-2-15,8:00,8,0
1169,0000,6.21,8,2018-2-15,12:00,8,0
1170,0000,17.98,8,2018-2-15,17:00,9,0
1171,0000,158.26,3,2018-2-16,0:00,3,1
1172,0000,4.01,8,2018-2-16,8:00,8,0
1173,0000,6.79,8,2018-2-16,12:00,8,0
1174,0000,17.50,8,2018-2-16,17:00,9,0
1175,0000,0.33,7,2018-2-16,18:00,7,0
1176,0000,256.77,4,2018-2-16,21:00,4,0
1177,0000,5.92,8,2018-2-17,8:00,8,0
1178,0000,6.97,8,2018-2-17,12:00,8,0
1179,0000,10.40,8,2018-2-17,17:00,9,0
1180,0000,4.14,8,2018-2-18,8:00,8,0
1181,0000,9.22,8,2018-2-18,12:00,8,0
1182,0000,12.38,8,2018-2-18,17:00,9,0
1183,0000,3.04,8,2018-2-19,8:00,8,0
1184,0000,12.59,8,2018-2-19,12:00,9,0
1185,0000,20.76,8,2018-2-19,17:00,10,0
1186,0000,4.01,7,2018-2-19,18:00,7,0
1187,0000,2.60,8,2018-2-20,8:00,8,0
1188,0000,12.75,8,2018-2-20,12:00,9,0
1189,0000,12.04,8,2018-2-20,17:00,9,0
1190,0000,2.82,8,2018-2-21,8:00,8,0
1191,0000,8.79,8,2018-2-21,12:00,8,0
1192,0000,20.67,8,2018-2-21,17:00,10,0
1193,0000,215.53,4,2018-2-21,21:00,4,0
1194,0000,5.59,8,2018-2-22,8:00,8,0
1195,0000,10.12,8,2018-2-22,12:00,9,0
1196,0000,18.26,8,2018-2-22,17:00,9,0
1197,0000,2.52,7,2018-2-22,18:00,7,0
1198,0000,1.55,8,2018-2-23,8:00,8,0
1199,0000,6.81,8,2018-2-23,12:00,8,0
1200,0000,8.88,8,2018-2-23,17:00,8,0
1201,0000,5.93,8,2018-2-24,8:00,8,0
1202,0000,11.51,8,2018-2-24,12:00,9,0
1203,0000,15.81,8,2018-2-24,17:00,9,0
1204,0000,4.45,8,2018-2-25,8:00,8,0
1205,0000,4.51,8,2018-2-25,12:00,8,0
1206,0000,21.59,8,2018-2-25,17:00,10,0
1207,0000,11.13,7,2018-2-25,18:00,7,0
1208,0000,4.61,8,2018-2-26,8:00,8,0
1209,0000,11.98,8,2018-2-26,12:00,9,0
1210,0000,19.78,8,2018-2-26,17:00,9,0
1211,0000,239.24,4,2018-2-26,21:00,4,0
1212,0000,2.34,8,2018-2-27,8:00,8,0
1213,0000,11.12,8,2018-2-27,12:00,9,0
1214,0000,16.92,8,2018-2-27,17:00,9,0
1215,0000,363.10,5,2018-2-28,0:00,5,1
1216,0000,5.06,8,2018-2-28,8:00,8,0
1217,0000,5.14,8,2018-2-28,12:00,8,0
1218,0000,19.51,8,2018-2-28,17:00,9,0
1219,0000,9.71,7,2018-2-28,18:00,7,0
1220,0000,3.29,8,2018-3-1,8:00,8,0
1221,0000,4.54,8,2018-3-1,12:00,8,0
1222,0000,21.81,8,2018-3-1,17:00,10,0
1223,0000,0.94,7,2018-3-1,18:00,7,0
1224,0000,368.74,4,2018-3-1,21:00,4,0
1225,0000,7.24,8,2018-3-2,8:00,8,0
1226,0000,9.52,8,2018-3-2,12:00,8,0
1227,0000,6.89,8,2018-3-2,17:00,8,0
1228,0000,6.22,8,2018-3-3,8:00,8,0
1229,0000,7.34,8,2018-3-3,12:00,8,0
1230,0000,17.56,8,2018-3-3,17:00,9,0
1231,0000,2.92,8,2018-3-4,8:00,8,0
1232,0000,8.05,8,2018-3-4,12:00,8,0
1233,0000,10.42,8,2018-3-4,17:00,9,0
1234,0000,7.20,7,2018-3-4,18:00,7,0
1235,0000,4.83,8,2018-3-5,8:00,8,0
1236,0000,11.04,8,2018-3-5,12:00,9,0
1237,0000,11.96,8,2018-3-5,17:00,9,0
1238,0000,2.67,8,2018-3-6,8:00,8,0
1239,0000,12.48,8,2018-3-6,12:00,9,0
1240,0000,20.64,8,2018-3-6,17:00,10,0
1241,0000,315.25,4,2018-3-6,21:00,4,0
1242,0000,3.37,8,2018-3-7,8:00,8,0
1243,0000,10.34,8,2018-3-7,12:00,9,0
1244,0000,18.20,8,2018-3-7,17:00,9,0
1245,0000,7.55,7,2018-3-7,18:00,7,0
1246,0000,5.94,8,2018-3-8,8:00,8,0
1247,0000,9.02,8,2018-3-8,12:00,8,0
1248,0000,18.80,8,2018-3-8,17:00,9,0
1249,0000,515.00,6,2018-3-9,0:00,6,1
1250,0000,1.42,8,2018-3-9,8:00,8,0
1251,0000,7.49,8,2018-3-9,12:00,8,0
1252,0000,21.28,8,2018-3-9,17:00,10,0
1253,0000,204.00,2,2018-3-9,19:00,2,0
1254,0000,2.41,8,2018-3-10,8:00,8,0
1255,0000,11.17,8,2018-3-10,12:00,9,0
1256,0000,24.08,8,2018-3-10,17:00,10,0
1257,0000,17.93,7,2018-3-10,18:00,7,0
1258,0000,2.60,8,2018-3-11,8:00,8,0
1259,0000,14.58,8,2018-3-11,12:00,9,0
1260,0000,23.93,8,2018-3-11,17:00,10,0
1261,0000,311.71,4,2018-3-11,21:00,4,0
1262,0000,6.57,8,2018-3-12,8:00,8,0
1263,0000,6.89,8,2018-3-12,12:00,8,0
1264,0000,18.79,8,2018-3-12,17:00,9,0
1265,0000,3.46,8,2018-3-13,8:00,8,0
1266,0000,11.08,8,2018-3-13,12:00,9,0
1267,0000,16.65,8,2018-3-13,17:00,9,0
1268,0000,3.18,7,2018-3-13,18:00,7,0
1269,0000,5.06,8,2018-3-14,8:00,8,0
1270,0000,8.93,8,2018-3-14,12:00,8,0
1271,0000,10.95,8,2018-3-14,17:00,9,0
1272,0000,6.03,8,2018-3-15,8:00,8,0
1273,0000,12.13,8,2018-3-15,12:00,9,0
1274,0000,7.91,8,2018-3-15,17:00,8,0
1275,0000,165.57,3,2018-3-16,0:00,3,1
1276,0000,5.54,8,2018-3-16,8:00,8,0
1277,0000,6.97,8,2018-3-16,12:00,8,0
1278,0000,11.99,8,2018-3-16,17:00,9,0
1279,0000,16.16,7,2018-3-16,18:00,7,0
1280,0000,223.14,4,2018-3-16,21:00,4,0
1281,0000,2.25,8,2018-3-17,8:00,8,0
1282,0000,9.73,8,2018-3-17,12:00,8,0
1283,0000,17.94,8,2018-3-17,17:00,9,0
1284,0000,6.83,8,2018-3-18,8:00,8,0
1285,0000,12.09,8,2018-3-18,12:00,9,0
1286,0000,11.37,8,2018-3-18,17:00,9,0
1287,0000,5.98,8,2018-3-19,8:00,8,0
1288,0000,6.61,8,2018-3-19,12:00,8,0
1289,0000,20.50,8,2018-3-19,17:00,10,0
1290,0000,0.64,7,2018-3-19,18:00,7,0
1291,0000,2.47,8,2018-3-20,8:00,8,0
1292,0000,7.45,8,2018-3-20,12:00,8,0
1293,0000,14.05,8,2018-3-20,17:00,9,0
1294,0000,4.56,8,2018-3-21,8:00,8,0
1295,0000,10.89,8,2018-3-21,12:00,9,0
1296,0000,16.49,8,2018-3-21,17:00,9,0
1297,0000,347.48,4,2018-3-21,21:00,4,0
1298,0000,6.01,8,2018-3-22,8:00,8,0
1299,0000,10.03,8,2018-3-22,12:00,9,0
1300,0000,12.71,8,2018-3-22,17:00,9,0
1301,0000,13.08,7,2018-3-22,18:00,7,0
1302,0000,3.54,8,2018-3-23,8:00,8,0
1303,0000,9.20,8,2018-3-23,12:00,8,0
1304,0000,20.72,8,2018-3-23,17:00,10,0
1305,0000,4.66,8,2018-3-24,8:00,8,0
1306,0000,5.83,8,2018-3-24,12:00,8,0
1307,0000,19.55,8,2018-3-24,17:00,9,0
1308,0000,4.12,8,2018-3-25,8:00,8,0
1309,0000,11.56,8,2018-3-25,12:00,9,0
1310,0000,19.37,8,2018-3-25,17:00,9,0
1311,0000,17.39,7,2018-3-25,18:00,7,0
1312,0000,3.32,8,2018-3-26,8:00,8,0
1313,0000,11.48,8,2018-3-26,12:00,9,0
1314,0000,10.97,8,2018-3-26,17:00,9,0
1315,0000,299.19,4,2018-3-26,21:00,4,0
1316,0000,3.26,8,2018-3-27,8:00,8,0
1317,0000,9.37,8,2018-3-27,12:00,8,0
1318,0000,19.75,8,2018-3-27,17:00,9,0
1319,0000,363.10,5,2018-3-28,0:00,5,1
1320,0000,5.43,8,2018-3-28,8:00,8,0
1321,0000,5.04,8,2018-3-28,12:00,8,0
1322,0000,14.33,8,2018-3-28,17:00,9,0
1323,0000,10.31,7,2018-3-28,18:00,7,0
1324,0000,4.70,8,2018-3-29,8:00,8,0
1325,0000,8.49,8,2018-3-29,12:00,8,0
1326,0000,7.34,8,2018-3-29,17:00,8,0
1327,0000,4.17,8,2018-3-30,8:00,8,0
1328,0000,7.68,8,2018-3-30,12:00,8,0
1329,0000,15.76,8,2018-3-30,17:00,9,0
1330,0000,2.06,8,2018-3-31,8:00,8,0
1331,0000,6.28,8,2018-3-31,12:00,8,0
1332,0000,23.81,8,2018-3-31,17:00,10,0
1333,0000,6.62,7,2018-3-31,18:00,7,0
1334,0000,231.38,4,2018-3-31,21:00,4,0
1335,0000,2.53,8,2018-4-1,8:00,8,0
1336,0000,9.16,8,2018-4-1,12:00,8,0
1337,0000,23.64,8,2018-4-1,17:00,10,0
1338,0000,1.01,7,2018-4-1,18:00,7,0
1339,0000,363.14,4,2018-4-1,21:00,4,0
1340,0000,6.87,8,2018-4-2,8:00,8,0
1341,0000,13.38,8,2018-4-2,12:00,9,0
1342,0000,9.04,8,2018-4-2,17:00,8,0
1343,0000,5.46,8,2018-4-3,8:00,8,0
1344,0000,13.84,8,2018-4-3,12:00,9,0
1345,0000,18.86,8,2018-4-3,17:00,9,0
1346,0000,3.16,8,2018-4-4,8:00,8,0
1347,0000,9.42,8,2018-4-4,12:00,8,0
1348,0000,9.75,8,2018-4-4,17:00,8,0
1349,0000,3.77,7,2018-4-4,18:00,7,0
1350,0000,2.90,8,2018-4-5,8:00,8,0
1351,0000,7.47,8,2018-4-5,12:00,8,0
1352,0000,15.61,8,2018-4-5,17:00,9,0
1353,0000,3.82,8,2018-4-6,8:00,8,0
1354,0000,10.75,8,2018-4-6,12:00,9,0
1355,0000,13.77,8,2018-4-6,17:00,9,0
1356,0000,385.69,4,2018-4-6,21:00,4,0
1357,0000,2.85,8,2018-4-7,8:00,8,0
1358,0000,13.78,8,2018-4-7,12:00,9,0
1359,0000,11.59,8,2018-4-7,17:00,9,0
1360,0000,7.61,7,2018-4-7,18:00,7,0
1361,0000,1.60,8,2018-4-8,8:00,8,0
1362,0000,13.03,8,2018-4-8,12:00,9,0
1363,0000,14.33,8,2018-4-8,17:00,9,0
1364,0000,515.00,6,2018-4-9,0:00,6,1
1365,0000,4.28,8,2018-4-9,8:00,8,0
1366,0000,7.72,8,2018-4-9,12:00,8,0
1367,0000,13.93,8,2018-4-9,17:00,9,0
1368,0000,145.02,2,2018-4-9,19:00,2,0
1369,0000,2.81,8,2018-4-10,8:00,8,0
1370,0000,13.61,8,2018-4-10,12:00,9,0
1371,0000,19.57,8,2018-4-10,17:00,9,0
1372,0000,6.77,7,2018-4-10,18:00,7,0
1373,0000,6.87,8,2018-4-11,8:00,8,0
1374,0000,8.53,8,2018-4-11,12:00,8,0
1375,0000,10.98,8,2018-4-11,17:00,9,0
1376,0000,311.17,4,2018-4-11,21:00,4,0
1377,0000,3.19,8,2018-4-12,8:00,8,0
1378,0000,14.88,8,2018-4-12,12:00,9,0
1379,0000,8.31,8,2018-4-12,17:00,8,0
1380,0000,3.37,8,2018-4-13,8:00,8,0
1381,0000,9.40,8,2018-4-13,12:00,8,0
1382,0000,14.73,8,2018-4-13,17:00,9,0
1383,0000,4.52,7,2018-4-13,18:00,7,0
1384,0000,2.92,8,2018-4-14,8:00,8,0
1385,0000,7.15,8,2018-4-14,12:00,8,0
1386,0000,16.59,8,2018-4-14,17:00,9,0
1387,0000,4.72,8,2018-4-15,8:00,8,0
1388,0000,12.91,8,2018-4-15,12:00,9,0
1389,0000,14.78,8,2018-4-15,17:00,9,0
1390,0000,170.47,3,2018-4-16,0:00,3,1
1391,0000,5.89,8,2018-4-16,8:00,8,0
1392,0000,4.62,8,2018-4-16,12:00,8,0
1393,0000,12.24,8,2018-4-16,17:00,9,0
1394,0000,15.15,7,2018-4-16,18:00,7,0
1395,0000,241.26,4,2018-4-16,21:00,4,0
1396,0000,3.00,8,2018-4-17,8:00,8,0
1397,0000,9.98,8,2018-4-17,12:00,8,0
1398,0000,15.16,8,2018-4-17,17:00,9,0
1399,0000,3.88,8,2018-4-18,8:00,8,0
1400,0000,6.57,8,2018-4-18,12:00,8,0
1401,0000,23.01,8,2018-4-18,17:00,10,0
1402,0000,4.48,8,2018-4-19,8:00,8,0
1403,0000,14.02,8,2018-4-19,12:00,9,0
1404,0000,10.16,8,2018-4-19,17:00,9,0
1405,0000,2.89,7,2018-4-19,18:00,7,0
1406,0000,1.59,8,2018-4-20,8:00,8,0
1407,0000,7.80,8,2018-4-20,12:00,8,0
1408,0000,21.95,8,2018-4-20,17:00,10,0
1409,0000,2.22,8,2018-4-21,8:00,8,0
1410,0000,12.05,8,2018-4-21,12:00,9,0
1411,0000,15.10,8,2018-4-21,17:00,9,0
1412,0000,226.56,4,2018-4-21,21:00,4,0
1413,0000,5.22,8,2018-4-22,8:00,8,0
1414,0000,8.69,8,2018-4-22,12:00,8,0
1415,0000,21.47,8,2018-4-22,17:00,10,0
1416,0000,4.13,7,2018-4-22,18:00,7,0
1417,0000,1.98,8,2018-4-23,8:00,8,0
1418,0000,5.96,8,2018-4-23,12:00,8,0
1419,0000,26.64,8,2018-4-23,17:00,10,0
1420,0000,1.66,8,2018-4-24,8:00,8,0
1421,0000,5.13,8,2018-4-24,12:00,8,0
1422,0000,14.26,8,2018-4-24,17:00,9,0
1423,0000,2.80,8,2018-4-25,8:00,8,0
1424,0000,7.80,8,2018-4-25,12:00,8,0
1425,0000,18.41,8,2018-4-25,17:00,9,0
1426,0000,5.99,7,2018-4-25,18:00,7,0
1427,0000,5.28,8,2018-4-26,8:00,8,0
1428,0000,5.59,8,2018-4-26,12:00,8,0
1429,0000,15.63,8,2018-4-26,17:00,9,0
1430,0000,389.71,4,2018-4-26,21:00,4,0
1431,0000,4.40,8,2018-4-27,8:00,8,0
1432,0000,12.75,8,2018-4-27,12:00,9,0
1433,0000,11.43,8,2018-4-27,17:00,9,0
1434,0000,363.10,5,2018-4-28,0:00,5,1
1435,0000,5.83,8,2018-4-28,8:00,8,0
1436,0000,7.70,8,2018-4-28,12:00,8,0
1437,0000,14.51,8,2018-4-28,17:00,9,0
1438,0000,9.31,7,2018-4-28,18:00,7,0
1439,0000,2.13,8,2018-4-29,8:00,8,0
1440,0000,9.25,8,2018-4-29,12:00,8,0
1441,0000,15.37,8,2018-4-29,17:00,9,0
1442,0000,4.13,8,2018-4-30,8:00,8,0
1443,0000,6.14,8,2018-4-30,12:00,8,0
1444,0000,7.99,8,2018-4-30,17:00,8,0
1445,0000,2425.204,1,2018-5-1,0:00,1,1
1446,0000,2.66,8,2018-5-1,8:00,8,0
1447,0000,9.64,8,2018-5-1,12:00,8,0
1448,0000,16.95,8,2018-5-1,17:00,9,0
1449,0000,7.84,7,2018-5-1,18:00,7,0
1450,0000,354.45,4,2018-5-1,21:00,4,0
1451,0000,4.73,8,2018-5-2,8:00,8,0
1452,0000,12.05,8,2018-5-2,12:00,9,0
1453,0000,18.61,8,2018-5-2,17:00,9,0
1454,0000,3.36,8,2018-5-3,8:00,8,0
1455,0000,12.93,8,2018-5-3,12:00,9,0
1456,0000,20.90,8,2018-5-3,17:00,10,0
1457,0000,3.56,8,2018-5-4,8:00,8,0
1458,0000,10.02,8,2018-5-4,12:00,9,0
1459,0000,24.90,8,2018-5-4,17:00,10,0
1460,0000,15.79,7,2018-5-4,18:00,7,0
1461,0000,3.63,8,2018-5-5,8:00,8,0
1462,0000,10.45,8,2018-5-5,12:00,9,0
1463,0000,12.33,8,2018-5-5,17:00,9,0
1464,0000,2.46,8,2018-5-6,8:00,8,0
1465,0000,8.07,8,2018-5-6,12:00,8,0
1466,0000,27.08,8,2018-5-6,17:00,10,0
1467,0000,376.83,4,2018-5-6,21:00,4,0
1468,0000,2.45,8,2018-5-7,8:00,8,0
1469,0000,13.23,8,2018-5-7,12:00,9,0
1470,0000,16.75,8,2018-5-7,17:00,9,0
1471,0000,13.85,7,2018-5-7,18:00,7,0
1472,0000,3.73,8,2018-5-8,8:00,8,0
1473,0000,6.92,8,2018-5-8,12:00,8,0
1474,0000,13.03,8,2018-5-8,17:00,9,0
1475,0000,515.00,6,2018-5-9,0:00,6,1
1476,0000,6.17,8,2018-5-9,8:00,8,0
1477,0000,7.18,8,2018-5-9,12:00,8,0
1478,0000,19.32,8,2018-5-9,17:00,9,0
1479,0000,91.30,2,2018-5-9,19:00,2,0
1480,0000,2.54,8,2018-5-10,8:00,8,0
1481,0000,4.36,8,2018-5-10,12:00,8,0
1482,0000,24.05,8,2018-5-10,17:00,10,0
1483,0000,4.72,7,2018-5-10,18:00,7,0
1484,0000,5.02,8,2018-5-11,8:00,8,0
1485,0000,6.75,8,2018-5-11,12:00,8,0
1486,0000,12.54,8,2018-5-11,17:00,9,0
1487,0000,206.86,4,2018-5-11,21:00,4,0
1488,0000,5.58,8,2018-5-12,8:00,8,0
1489,0000,7.06,8,2018-5-12,12:00,8,0
1490,0000,14.47,8,2018-5-12,17:00,9,0
1491,0000,2.83,8,2018-5-13,8:00,8,0
1492,0000,13.20,8,2018-5-13,12:00,9,0
1493,0000,10.18,8,2018-5-13,17:00,9,0
1494,0000,4.04,7,2018-5-13,18:00,7,0
1495,0000,3.55,8,2018-5-14,8:00,8,0
1496,0000,10.38,8,2018-5-14,12:00,9,0
1497,0000,9.82,8,2018-5-14,17:00,8,0
1498,0000,2.57,8,2018-5-15,8:00,8,0
1499,0000,5.46,8,2018-5-15,12:00,8,0
1500,0000,21.13,8,2018-5-15,17:00,10,0
1501,0000,210.91,3,2018-5-16,0:00,3,1
1502,0000,2.21,8,2018-5-16,8:00,8,0
1503,0000,5.37,8,2018-5-16,12:00,8,0
1504,0000,12.70,8,2018-5-16,17:00,9,0
1505,0000,16.01,7,2018-5-16,18:00,7,0
1506,0000,292.39,4,2018-5-16,21:00,4,0
1507,0000,4.00,8,2018-5-17,8:00,8,0
1508,0000,7.37,8,2018-5-17,12:00,8,0
1509,0000,11.18,8,2018-5-17,17:00,9,0
1510,0000,3.65,8,2018-5-18,8:00,8,0
1511,0000,8.45,8,2018-5-18,12:00,8,0
1512,0000,16.92,8,2018-5-18,17:00,9,0
1513,0000,2.67,8,2018-5-19,8:00,8,0
1514,0000,15.12,8,2018-5-19,12:00,9,0
1515,0000,6.92,8,2018-5-19,17:00,8,0
1516,0000,3.97,7,2018-5-19,18:00,7,0
1517,0000,6.55,8,2018-5-20,8:00,8,0
1518,0000,7.06,8,2018-5-20,12:00,8,0
1519,0000,10.61,8,2018-5-20,17:00,9,0
1520,0000,4.49,8,2018-5-21,8:00,8,0
1521,0000,4.81,8,2018-5-21,12:00,8,0
1522,0000,8.96,8,2018-5-21,17:00,8,0
1523,0000,359.91,4,2018-5-21,21:00,4,0
1524,0000,5.62,8,2018-5-22,8:00,8,0
1525,0000,11.29,8,2018-5-22,12:00,9,0
1526,0000,20.24,8,2018-5-22,17:00,10,0
1527,0000,12.61,7,2018-5-22,18:00,7,0
1528,0000,4.26,8,2018-5-23,8:00,8,0
1529,0000,8.26,8,2018-5-23,12:00,8,0
1530,0000,19.24,8,2018-5-23,17:00,9,0
1531,0000,2.62,8,2018-5-24,8:00,8,0
1532,0000,6.61,8,2018-5-24,12:00,8,0
1533,0000,14.91,8,2018-5-24,17:00,9,0
1534,0000,2.98,8,2018-5-25,8:00,8,0
1535,0000,13.83,8,2018-5-25,12:00,9,0
1536,0000,14.34,8,2018-5-25,17:00,9,0
1537,0000,1.23,7,2018-5-25,18:00,7,0
1538,0000,2.53,8,2018-5-26,8:00,8,0
1539,0000,4.55,8,2018-5-26,12:00,8,0
1540,0000,25.03,8,2018-5-26,17:00,10,0
1541,0000,209.80,4,2018-5-26,21:00,4,0
1542,0000,5.03,8,2018-5-27,8:00,8,0
1543,0000,8.40,8,2018-5-27,12:00,8,0
1544,0000,11.86,8,2018-5-27,17:00,9,0
1545,0000,363.10,5,2018-5-28,0:00,5,1
1546,0000,2.81,8,2018-5-28,8:00,8,0
1547,0000,7.63,8,2018-5-28,12:00,8,0
1548,0000,10.95,8,2018-5-28,17:00,9,0
1549,0000,18.18,7,2018-5-28,18:00,7,0
1550,0000,3.32,8,2018-5-29,8:00,8,0
1551,0000,11.86,8,2018-5-29,12:00,9,0
1552,0000,17.92,8,2018-5-29,17:00,9,0
1553,0000,4.03,8,2018-5-30,8:00,8,0
1554,0000,10.40,8,2018-5-30,12:00,9,0
1555,0000,23.59,8,2018-5-30,17:00,10,0
1556,0000,4.35,8,2018-5-31,8:00,8,0
1557,0000,7.75,8,2018-5-31,12:00,8,0
1558,0000,16.19,8,2018-5-31,17:00,9,0
1559,0000,14.61,7,2018-5-31,18:00,7,0
1560,0000,324.16,4,2018-5-31,21:00,4,0
1561,0000,6.25,8,2018-6-1,8:00,8,0
1562,0000,5.74,8,2018-6-1,12:00,8,0
1563,0000,11.09,8,2018-6-1,17:00,9,0
1564,0000,5.72,7,2018-6-1,18:00,7,0
1565,0000,213.17,4,2018-6-1,21:00,4,0
1566,0000,3.01,8,2018-6-2,8:00,8,0
1567,0000,11.72,8,2018-6-2,12:00,9,0
1568,0000,12.59,8,2018-6-2,17:00,9,0
1569,0000,3.57,8,2018-6-3,8:00,8,0
1570,0000,11.22,8,2018-6-3,12:00,9,0
1571,0000,12.59,8,2018-6-3,17:00,9,0
1572,0000,5.25,8,2018-6-4,8:00,8,0
1573,0000,4.43,8,2018-6-4,12:00,8,0
1574,0000,25.48,8,2018-6-4,17:00,10,0
1575,0000,18.79,7,2018-6-4,18:00,7,0
1576,0000,3.21,8,2018-6-5,8:00,8,0
1577,0000,11.75,8,2018-6-5,12:00,9,0
1578,0000,15.63,8,2018-6-5,17:00,9,0
1579,0000,4.42,8,2018-6-6,8:00,8,0
1580,0000,10.80,8,2018-6-6,12:00,9,0
1581,0000,8.77,8,2018-6-6,17:00,8,0
1582,0000,245.11,4,2018-6-6,21:00,4,0
1583,0000,3.72,8,2018-6-7,8:00,8,0
1584,0000,7.12,8,2018-6-7,12:00,8,0
1585,0000,16.30,8,2018-6-7,17:00,9,0
1586,0000,14.21,7,2018-6-7,18:00,7,0
1587,0000,3.34,8,2018-6-8,8:00,8,0
1588,0000,14.05,8,2018-6-8,12:00,9,0
1589,0000,9.78,8,2018-6-8,17:00,8,0
1590,0000,515.00,6,2018-6-9,0:00,6,1
1591,0000,6.94,8,2018-6-9,8:00,8,0
1592,0000,5.81,8,2018-6-9,12:00,8,0
1593,0000,18.88,8,2018-6-9,17:00,9,0
1594,0000,154.08,2,2018-6-9,19:00,2,0
1595,0000,3.68,8,2018-6-10,8:00,8,0
1596,0000,8.96,8,2018-6-10,12:00,8,0
1597,0000,13.04,8,2018-6-10,17:00,9,0
1598,0000,11.13,7,2018-6-10,18:00,7,0
1599,0000,2.22,8,2018-6-11,8:00,8,0
1600,0000,15.40,8,2018-6-11,12:00,9,0
1601,0000,8.19,8,2018-6-11,17:00,8,0
1602,0000,336.27,4,2018-6-11,21:00,4,0
1603,0000,5.75,8,2018-6-12,8:00,8,0
1604,0000,6.61,8,2018-6-12,12:00,8,0
1605,0000,12.20,8,2018-6-12,17:00,9,0
1606,0000,3.74,8,2018-6-13,8:00,8,0
1607,0000,9.60,8,2018-6-13,12:00,8,0
1608,0000,21.62,8,2018-6-13,17:00,10,0
1609,0000,2.35,7,2018-6-13,18:00,7,0
1610,0000,5.09,8,2018-6-14,8:00,8,0
1611,0000,5.19,8,2018-6-14,12:00,8,0
1612,0000,20.27,8,2018-6-14,17:00,10,0
1613,0000,2.80,8,2018-6-15,8:00,8,0
1614,0000,5.77,8,2018-6-15,12:00,8,0
1615,0000,20.90,8,2018-6-15,17:00,10,0
1616,0000,168.12,3,2018-6-16,0:00,3,1
1617,0000,3.36,8,2018-6-16,8:00,8,0
1618,0000,8.98,8,2018-6-16,12:00,8,0
1619,0000,20.04,8,2018-6-16,17:00,10,0
1620,0000,15.99,7,2018-6-16,18:00,7,0
1621,0000,248.53,4,2018-6-16,21:00,4,0
1622,0000,6.00,8,2018-6-17,8:00,8,0
1623,0000,4.58,8,2018-6-17,12:00,8,0
1624,0000,17.67,8,2018-6-17,17:00,9,0
1625,0000,2.64,8,2018-6-18,8:00,8,0
1626,0000,15.98,8,2018-6-18,12:00,9,0
1627,0000,17.16,8,2018-6-18,17:00,9,0
1628,0000,6.11,8,2018-6-19,8:00,8,0
1629,0000,6.44,8,2018-6-19,12:00,8,0
1630,0000,14.89,8,2018-6-19,17:00,9,0
1631,0000,1.39,7,2018-6-19,18:00,7,0
1632,0000,1.94,8,2018-6-20,8:00,8,0
1633,0000,14.03,8,2018-6-20,12:00,9,0
1634,0000,11.91,8,2018-6-20,17:00,9,0
1635,0000,5.15,8,2018-6-21,8:00,8,0
1636,0000,5.30,8,2018-6-21,12:00,8,0
1637,0000,16.37,8,2018-6-21,17:00,9,0
1638,0000,357.23,4,2018-6-21,21:00,4,0
1639,0000,2.18,8,2018-6-22,8:00,8,0
1640,0000,8.95,8,2018-6-22,12:00,8,0
1641,0000,13.19,8,2018-6-22,17:00,9,0
1642,0000,1.07,7,2018-6-22,18:00,7,0
1643,0000,4.74,8,2018-6-23,8:00,8,0
1644,0000,6.55,8,2018-6-23,12:00,8,0
1645,0000,25.01,8,2018-6-23,17:00,10,0
1646,0000,3.31,8,2018-6-24,8:00,8,0
1647,0000,6.28,8,2018-6-24,12:00,8,0
1648,0000,14.86,8,2018-6-24,17:00,9,0
1649,0000,4.24,8,2018-6-25,8:00,8,0
1650,0000,9.57,8,2018-6-25,12:00,8,0
1651,0000,14.75,8,2018-6-25,17:00,9,0
1652,0000,3.13,7,2018-6-25,18:00,7,0
1653,0000,6.68,8,2018-6-26,8:00,8,0
1654,0000,4.37,8,2018-6-26,12:00,8,0
1655,0000,18.87,8,2018-6-26,17:00,9,0
1656,0000,294.85,4,2018-6-26,21:00,4,0
1657,0000,2.59,8,2018-6-27,8:00,8,0
1658,0000,11.75,8,2018-6-27,12:00,9,0
1659,0000,19.84,8,2018-6-27,17:00,9,0
1660,0000,363.10,5,2018-6-28,0:00,5,1
1661,0000,2.57,8,2018-6-28,8:00,8,0
1662,0000,8.54,8,2018-6-28,12:00,8,0
1663,0000,19.11,8,2018-6-28,17:00,9,0
1664,0000,11.87,7,2018-6-28,18:00,7,0
1665,0000,3.77,8,2018-6-29,8:00,8,0
1666,0000,9.11,8,2018-6-29,12:00,8,0
1667,0000,19.78,8,2018-6-29,17:00,9,0
1668,0000,2.75,8,2018-6-30,8:00,8,0
1669,0000,15.41,8,2018-6-30,12:00,9,0
1670,0000,8.18,8,2018-6-30,17:00,8,0
1671,0000,4.32,8,2018-7-1,8:00,8,0
1672,0000,3.44,8,2018-7-1,12:00,8,0
1673,0000,12.06,8,2018-7-1,17:00,9,0
1674,0000,19.27,7,2018-7-1,18:00,7,0
1675,0000,382.15,4,2018-7-1,21:00,4,0
1676,0000,3.48,8,2018-7-2,8:00,8,0
1677,0000,6.76,8,2018-7-2,12:00,8,0
1678,0000,10.60,8,2018-7-2,17:00,9,0
1679,0000,3.02,8,2018-7-3,8:00,8,0
1680,0000,7.72,8,2018-7-3,12:00,8,0
1681,0000,24.86,8,2018-7-3,17:00,10,0
1682,0000,4.25,8,2018-7-4,8:00,8,0
1683,0000,14.11,8,2018-7-4,12:00,9,0
1684,0000,13.38,8,2018-7-4,17:00,9,0
1685,0000,15.64,7,2018-7-4,18:00,7,0
1686,0000,2.74,8,2018-7-5,8:00,8,0
1687,0000,6.11,8,2018-7-5,12:00,8,0
1688,0000,23.15,8,2018-7-5,17:00,10,0
1689,0000,2.65,8,2018-7-6,8:00,8,0
1690,0000,14.20,8,2018-7-6,12:00,9,0
1691,0000,14.13,8,2018-7-6,17:00,9,0
1692,0000,295.54,4,2018-7-6,21:00,4,0
1693,0000,5.34,8,2018-7-7,8:00,8,0
1694,0000,13.44,8,2018-7-7,12:00,9,0
1695,0000,6.66,8,2018-7-7,17:00,8,0
1696,0000,16.77,7,2018-7-7,18:00,7,0
1697,0000,4.83,8,2018-7-8,8:00,8,0
1698,0000,5.15,8,2018-7-8,12:00,8,0
1699,0000,21.49,8,2018-7-8,17:00,10,0
1700,0000,515.00,6,2018-7-9,0:00,6,1
1701,0000,2.64,8,2018-7-9,8:00,8,0
1702,0000,6.25,8,2018-7-9,12:00,8,0
1703,0000,24.34,8,2018-7-9,17:00,10,0
1704,0000,205.70,2,2018-7-9,19:00,2,0
1705,0000,7.73,8,2018-7-10,8:00,8,0
1706,0000,5.26,8,2018-7-10,12:00,8,0
1707,0000,20.68,8,2018-7-10,17:00,10,0
1708,0000,15.59,7,2018-7-10,18:00,7,0
1709,0000,5.33,8,2018-7-11,8:00,8,0
1710,0000,7.77,8,2018-7-11,12:00,8,0
1711,0000,18.82,8,2018-7-11,17:00,9,0
1712,0000,212.96,4,2018-7-11,21:00,4,0
1713,0000,3.69,8,2018-7-12,8:00,8,0
1714,0000,4.06,8,2018-7-12,12:00,8,0
1715,0000,16.32,8,2018-7-12,17:00,9,0
1716,0000,7.43,8,2018-7-13,8:00,8,0
1717,0000,5.80,8,2018-7-13,12:00,8,0
1718,0000,22.72,8,2018-7-13,17:00,10,0
1719,0000,8.82,7,2018-7-13,18:00,7,0
1720,0000,6.81,8,2018-7-14,8:00,8,0
1721,0000,11.08,8,2018-7-14,12:00,9,0
1722,0000,12.79,8,2018-7-14,17:00,9,0
1723,0000,3.69,8,2018-7-15,8:00,8,0
1724,0000,7.93,8,2018-7-15,12:00,8,0
1725,0000,18.25,8,2018-7-15,17:00,9,0
1726,0000,195.19,3,2018-7-16,0:00,3,1
1727,0000,4.24,8,2018-7-16,8:00,8,0
1728,0000,8.03,8,2018-7-16,12:00,8,0
1729,0000,8.72,8,2018-7-16,17:00,8,0
1730,0000,8.76,7,2018-7-16,18:00,7,0
1731,0000,326.20,4,2018-7-16,21:00,4,0
1732,0000,2.67,8,2018-7-17,8:00,8,0
1733,0000,10.29,8,2018-7-17,12:00,9,0
1734,0000,12.32,8,2018-7-17,17:00,9,0
1735,0000,4.84,8,2018-7-18,8:00,8,0
1736,0000,6.49,8,2018-7-18,12:00,8,0
1737,0000,9.43,8,2018-7-18,17:00,8,0
1738,0000,2.39,8,2018-7-19,8:00,8,0
1739,0000,8.40,8,2018-7-19,12:00,8,0
1740,0000,18.16,8,2018-7-19,17:00,9,0
1741,0000,13.82,7,2018-7-19,18:00,7,0
1742,0000,2.90,8,2018-7-20,8:00,8,0
1743,0000,12.71,8,2018-7-20,12:00,9,0
1744,0000,13.38,8,2018-7-20,17:00,9,0
1745,0000,3.38,8,2018-7-21,8:00,8,0
1746,0000,9.23,8,2018-7-21,12:00,8,0
1747,0000,10.82,8,2018-7-21,17:00,9,0
1748,0000,323.37,4,2018-7-21,21:00,4,0
1749,0000,2.68,8,2018-7-22,8:00,8,0
1750,0000,8.97,8,2018-7-22,12:00,8,0
1751,0000,8.39,8,2018-7-22,17:00,8,0
1752,0000,12.30,7,2018-7-22,18:00,7,0
1753,0000,3.20,8,2018-7-23,8:00,8,0
1754,0000,6.43,8,2018-7-23,12:00,8,0
1755,0000,20.00,8,2018-7-23,17:00,9,0
1756,0000,7.44,8,2018-7-24,8:00,8,0
1757,0000,8.67,8,2018-7-24,12:00,8,0
1758,0000,16.66,8,2018-7-24,17:00,9,0
1759,0000,4.57,8,2018-7-25,8:00,8,0
1760,0000,9.40,8,2018-7-25,12:00,8,0
1761,0000,9.63,8,2018-7-25,17:00,8,0
1762,0000,4.05,7,2018-7-25,18:00,7,0
1763,0000,3.32,8,2018-7-26,8:00,8,0
1764,0000,11.33,8,2018-7-26,12:00,9,0
1765,0000,17.55,8,2018-7-26,17:00,9,0
1766,0000,299.43,4,2018-7-26,21:00,4,0
1767,0000,6.25,8,2018-7-27,8:00,8,0
1768,0000,7.52,8,2018-7-27,12:00,8,0
1769,0000,10.36,8,2018-7-27,17:00,9,0
1770,0000,363.10,5,2018-7-28,0:00,5,1
1771,0000,6.79,8,2018-7-28,8:00,8,0
1772,0000,11.08,8,2018-7-28,12:00,9,0
1773,0000,6.79,8,2018-7-28,17:00,8,0
1774,0000,11.25,7,2018-7-28,18:00,7,0
1775,0000,3.89,8,2018-7-29,8:00,8,0
1776,0000,9.67,8,2018-7-29,12:00,8,0
1777,0000,20.82,8,2018-7-29,17:00,10,0
1778,0000,2.51,8,2018-7-30,8:00,8,0
1779,0000,5.26,8,2018-7-30,12:00,8,0
1780,0000,17.23,8,2018-7-30,17:00,9,0
1781,0000,2.22,8,2018-7-31,8:00,8,0
1782,0000,9.19,8,2018-7-31,12:00,8,0
1783,0000,28.63,8,2018-7-31,17:00,10,0
1784,0000,8.46,7,2018-7-31,18:00,7,0
1785,0000,282.75,4,2018-7-31,21:00,4,0
1786,0000,4.99,8,2018-8-1,8:00,8,0
1787,0000,7.91,8,2018-8-1,12:00,8,0
1788,0000,18.38,8,2018-8-1,17:00,9,0
1789,0000,2.49,7,2018-8-1,18:00,7,0
1790,0000,257.67,4,2018-8-1,21:00,4,0
1791,0000,2.43,8,2018-8-2,8:00,8,0
1792,0000,7.47,8,2018-8-2,12:00,8,0
1793,0000,15.86,8,2018-8-2,17:00,9,0
1794,0000,2.44,8,2018-8-3,8:00,8,0
1795,0000,7.86,8,2018-8-3,12:00,8,0
1796,0000,16.03,8,2018-8-3,17:00,9,0
1797,0000,4.94,8,2018-8-4,8:00,8,0
1798,0000,10.40,8,2018-8-4,12:00,9,0
1799,0000,8.35,8,2018-8-4,17:00,8,0
1800,0000,3.87,7,2018-8-4,18:00,7,0
1801,0000,1.96,8,2018-8-5,8:00,8,0
1802,0000,10.31,8,2018-8-5,12:00,9,0
1803,0000,13.65,8,2018-8-5,17:00,9,0
1804,0000,2.42,8,2018-8-6,8:00,8,0
1805,0000,10.24,8,2018-8-6,12:00,9,0
1806,0000,14.00,8,2018-8-6,17:00,9,0
1807,0000,269.16,4,2018-8-6,21:00,4,0
1808,0000,4.06,8,2018-8-7,8:00,8,0
1809,0000,9.64,8,2018-8-7,12:00,8,0
1810,0000,11.64,8,2018-8-7,17:00,9,0
1811,0000,9.79,7,2018-8-7,18:00,7,0
1812,0000,2.30,8,2018-8-8,8:00,8,0
1813,0000,13.48,8,2018-8-8,12:00,9,0
1814,0000,20.94,8,2018-8-8,17:00,10,0
1815,0000,515.00,6,2018-8-9,0:00,6,1
1816,0000,3.02,8,2018-8-9,8:00,8,0
1817,0000,11.43,8,2018-8-9,12:00,9,0
1818,0000,24.12,8,2018-8-9,17:00,10,0
1819,0000,202.73,2,2018-8-9,19:00,2,0
1820,0000,4.05,8,2018-8-10,8:00,8,0
1821,0000,11.34,8,2018-8-10,12:00,9,0
1822,0000,14.03,8,2018-8-10,17:00,9,0
1823,0000,5.23,7,2018-8-10,18:00,7,0
1824,0000,4.89,8,2018-8-11,8:00,8,0
1825,0000,5.55,8,2018-8-11,12:00,8,0
1826,0000,12.44,8,2018-8-11,17:00,9,0
1827,0000,260.28,4,2018-8-11,21:00,4,0
1828,0000,4.54,8,2018-8-12,8:00,8,0
1829,0000,11.23,8,2018-8-12,12:00,9,0
1830,0000,8.19,8,2018-8-12,17:00,8,0
1831,0000,2.38,8,2018-8-13,8:00,8,0
1832,0000,14.01,8,2018-8-13,12:00,9,0
1833,0000,16.01,8,2018-8-13,17:00,9,0
1834,0000,5.65,7,2018-8-13,18:00,7,0
1835,0000,4.09,8,2018-8-14,8:00,8,0
1836,0000,10.49,8,2018-8-14,12:00,9,0
1837,0000,17.44,8,2018-8-14,17:00,9,0
1838,0000,4.77,8,2018-8-15,8:00,8,0
1839,0000,9.98,8,2018-8-15,12:00,8,0
1840,0000,11.82,8,2018-8-15,17:00,9,0
1841,0000,205.14,3,2018-8-16,0:00,3,1
1842,0000,1.96,8,2018-8-16,8:00,8,0
1843,0000,12.16,8,2018-8-16,12:00,9,0
1844,0000,15.54,8,2018-8-16,17:00,9,0
1845,0000,19.24,7,2018-8-16,18:00,7,0
1846,0000,234.14,4,2018-8-16,21:00,4,0
1847,0000,4.69,8,2018-8-17,8:00,8,0
1848,0000,7.01,8,2018-8-17,12:00,8,0
1849,0000,14.92,8,2018-8-17,17:00,9,0
1850,0000,2.98,8,2018-8-18,8:00,8,0
1851,0000,7.84,8,2018-8-18,12:00,8,0
1852,0000,7.35,8,2018-8-18,17:00,8,0
1853,0000,6.05,8,2018-8-19,8:00,8,0
1854,0000,7.95,8,2018-8-19,12:00,8,0
1855,0000,14.83,8,2018-8-19,17:00,9,0
1856,0000,17.53,7,2018-8-19,18:00,7,0
1857,0000,3.29,8,2018-8-20,8:00,8,0
1858,0000,6.87,8,2018-8-20,12:00,8,0
1859,0000,9.25,8,2018-8-20,17:00,8,0
1860,0000,2.95,8,2018-8-21,8:00,8,0
1861,0000,5.55,8,2018-8-21,12:00,8,0
1862,0000,27.31,8,2018-8-21,17:00,10,0
1863,0000,219.52,4,2018-8-21,21:00,4,0
1864,0000,2.51,8,2018-8-22,8:00,8,0
1865,0000,12.47,8,2018-8-22,12:00,9,0
1866,0000,9.84,8,2018-8-22,17:00,8,0
1867,0000,9.73,7,2018-8-22,18:00,7,0
1868,0000,3.15,8,2018-8-23,8:00,8,0
1869,0000,9.24,8,2018-8-23,12:00,8,0
1870,0000,15.10,8,2018-8-23,17:00,9,0
1871,0000,5.91,8,2018-8-24,8:00,8,0
1872,0000,5.43,8,2018-8-24,12:00,8,0
1873,0000,16.08,8,2018-8-24,17:00,9,0
1874,0000,4.85,8,2018-8-25,8:00,8,0
1875,0000,8.37,8,2018-8-25,12:00,8,0
1876,0000,18.72,8,2018-8-25,17:00,9,0
1877,0000,15.00,7,2018-8-25,18:00,7,0
1878,0000,3.47,8,2018-8-26,8:00,8,0
1879,0000,7.52,8,2018-8-26,12:00,8,0
1880,0000,22.54,8,2018-8-26,17:00,10,0
1881,0000,323.91,4,2018-8-26,21:00,4,0
1882,0000,5.69,8,2018-8-27,8:00,8,0
1883,0000,7.54,8,2018-8-27,12:00,8,0
1884,0000,15.76,8,2018-8-27,17:00,9,0
1885,0000,363.10,5,2018-8-28,0:00,5,1
1886,0000,3.13,8,2018-8-28,8:00,8,0
1887,0000,8.78,8,2018-8-28,12:00,8,0
1888,0000,21.81,8,2018-8-28,17:00,10,0
1889,0000,3.95,7,2018-8-28,18:00,7,0
1890,0000,6.20,8,2018-8-29,8:00,8,0
1891,0000,10.32,8,2018-8-29,12:00,9,0
1892,0000,16.83,8,2018-8-29,17:00,9,0
1893,0000,4.31,8,2018-8-30,8:00,8,0
1894,0000,14.76,8,2018-8-30,12:00,9,0
1895,0000,12.00,8,2018-8-30,17:00,9,0
1896,0000,6.39,8,2018-8-31,8:00,8,0
1897,0000,5.70,8,2018-8-31,12:00,8,0
1898,0000,20.37,8,2018-8-31,17:00,10,0
1899,0000,5.08,7,2018-8-31,18:00,7,0
1900,0000,352.38,4,2018-8-31,21:00,4,0
1901,0000,4.60,8,2018-9-1,8:00,8,0
1902,0000,9.20,8,2018-9-1,12:00,8,0
1903,0000,11.76,8,2018-9-1,17:00,9,0
1904,0000,0.62,7,2018-9-1,18:00,7,0
1905,0000,286.34,4,2018-9-1,21:00,4,0
1906,0000,11700.38,0,2018-9-2,0:00,0,1
1907,0000,2.31,8,2018-9-2,8:00,8,0
1908,0000,9.02,8,2018-9-2,12:00,8,0
1909,0000,13.73,8,2018-9-2,17:00,9,0
1910,0000,3.45,8,2018-9-3,8:00,8,0
1911,0000,10.35,8,2018-9-3,12:00,9,0
1912,0000,10.16,8,2018-9-3,17:00,9,0
1913,0000,3.72,8,2018-9-4,8:00,8,0
1914,0000,7.65,8,2018-9-4,12:00,8,0
1915,0000,24.58,8,2018-9-4,17:00,10,0
1916,0000,19.19,7,2018-9-4,18:00,7,0
1917,0000,3.12,8,2018-9-5,8:00,8,0
1918,0000,10.95,8,2018-9-5,12:00,9,0
1919,0000,24.90,8,2018-9-5,17:00,10,0
1920,0000,3.23,8,2018-9-6,8:00,8,0
1921,0000,12.05,8,2018-9-6,12:00,9,0
1922,0000,12.44,8,2018-9-6,17:00,9,0
1923,0000,361.60,4,2018-9-6,21:00,4,0
1924,0000,1.52,8,2018-9-7,8:00,8,0
1925,0000,5.90,8,2018-9-7,12:00,8,0
1926,0000,21.42,8,2018-9-7,17:00,10,0
1927,0000,5.68,7,2018-9-7,18:00,7,0
1928,0000,3.72,8,2018-9-8,8:00,8,0
1929,0000,10.83,8,2018-9-8,12:00,9,0
1930,0000,25.11,8,2018-9-8,17:00,10,0
1931,0000,515.00,6,2018-9-9,0:00,6,1
1932,0000,4.00,8,2018-9-9,8:00,8,0
1933,0000,8.13,8,2018-9-9,12:00,8,0
1934,0000,16.37,8,2018-9-9,17:00,9,0
1935,0000,94.53,2,2018-9-9,19:00,2,0
1936,0000,3.63,8,2018-9-10,8:00,8,0
1937,0000,16.59,8,2018-9-10,12:00,9,0
1938,0000,8.86,8,2018-9-10,17:00,8,0
1939,0000,4.57,7,2018-9-10,18:00,7,0
1940,0000,7.25,8,2018-9-11,8:00,8,0
1941,0000,5.26,8,2018-9-11,12:00,8,0
1942,0000,11.30,8,2018-9-11,17:00,9,0
1943,0000,304.69,4,2018-9-11,21:00,4,0
1944,0000,5.33,8,2018-9-12,8:00,8,0
1945,0000,9.29,8,2018-9-12,12:00,8,0
1946,0000,11.08,8,2018-9-12,17:00,9,0
1947,0000,5.40,8,2018-9-13,8:00,8,0
1948,0000,7.05,8,2018-9-13,12:00,8,0
1949,0000,9.79,8,2018-9-13,17:00,8,0
1950,0000,12.04,7,2018-9-13,18:00,7,0
1951,0000,5.43,8,2018-9-14,8:00,8,0
1952,0000,8.39,8,2018-9-14,12:00,8,0
1953,0000,17.72,8,2018-9-14,17:00,9,0
1954,0000,4.77,8,2018-9-15,8:00,8,0
1955,0000,8.71,8,2018-9-15,12:00,8,0
1956,0000,8.76,8,2018-9-15,17:00,8,0
1957,0000,161.56,3,2018-9-16,0:00,3,1
1958,0000,5.77,8,2018-9-16,8:00,8,0
1959,0000,9.74,8,2018-9-16,12:00,8,0
1960,0000,10.68,8,2018-9-16,17:00,9,0
1961,0000,16.18,7,2018-9-16,18:00,7,0
1962,0000,332.31,4,2018-9-16,21:00,4,0
1963,0000,4.14,8,2018-9-17,8:00,8,0
1964,0000,8.14,8,2018-9-17,12:00,8,0
1965,0000,9.30,8,2018-9-17,17:00,8,0
1966,0000,2.17,8,2018-9-18,8:00,8,0
1967,0000,9.97,8,2018-9-18,12:00,8,0
1968,0000,25.43,8,2018-9-18,17:00,10,0
1969,0000,1.46,8,2018-9-19,8:00,8,0
1970,0000,9.71,8,2018-9-19,12:00,8,0
1971,0000,18.28,8,2018-9-19,17:00,9,0
1972,0000,2.05,7,2018-9-19,18:00,7,0
1973,0000,2.95,8,2018-9-20,8:00,8,0
1974,0000,6.47,8,2018-9-20,12:00,8,0
1975,0000,20.55,8,2018-9-20,17:00,10,0
1976,0000,4.97,8,2018-9-21,8:00,8,0
1977,0000,6.39,8,2018-9-21,12:00,8,0
1978,0000,24.75,8,2018-9-21,17:00,10,0
1979,0000,306.16,4,2018-9-21,21:00,4,0
1980,0000,4.27,8,2018-9-22,8:00,8,0
1981,0000,11.52,8,2018-9-22,12:00,9,0
1982,0000,15.42,8,2018-9-22,17:00,9,0
1983,0000,2.09,7,2018-9-22,18:00,7,0
1984,0000,2.38,8,2018-9-23,8:00,8,0
1985,0000,7.37,8,2018-9-23,12:00,8,0
1986,0000,18.77,8,2018-9-23,17:00,9,0
1987,0000,2.40,8,2018-9-24,8:00,8,0
1988,0000,11.92,8,2018-9-24,12:00,9,0
1989,0000,19.67,8,2018-9-24,17:00,9,0
1990,0000,3.07,8,2018-9-25,8:00,8,0
1991,0000,10.36,8,2018-9-25,12:00,9,0
1992,0000,17.94,8,2018-9-25,17:00,9,0
1993,0000,6.69,7,2018-9-25,18:00,7,0
1994,0000,3.99,8,2018-9-26,8:00,8,0
1995,0000,10.75,8,2018-9-26,12:00,9,0
1996,0000,15.17,8,2018-9-26,17:00,9,0
1997,0000,347.02,4,2018-9-26,21:00,4,0
1998,0000,2.62,8,2018-9-27,8:00,8,0
1999,0000,8.58,8,2018-9-27,12:00,8,0
2000,0000,14.72,8,2018-9-27,17:00,9,0
2001,0000,363.10,5,2018-9-28,0:00,5,1
2002,0000,5.53,8,2018-9-28,8:00,8,0
2003,0000,6.52,8,2018-9-28,12:00,8,0
2004,0000,19.09,8,2018-9-28,17:00,9,0
2005,0000,11.28,7,2018-9-28,18:00,7,0
2006,0000,1.82,8,2018-9-29,8:00,8,0
2007,0000,5.14,8,2018-9-29,12:00,8,0
2008,0000,13.43,8,2018-9-29,17:00,9,0
2009,0000,4.12,8,2018-9-30,8:00,8,0
2010,0000,11.12,8,2018-9-30,12:00,9,0
2011,0000,17.84,8,2018-9-30,17:00,9,0
2012,0000,4.63,8,2018-10-1,8:00,8,0
2013,0000,5.11,8,2018-10-1,12:00,8,0
2014,0000,10.40,8,2018-10-1,17:00,9,0
2015,0000,1.24,7,2018-10-1,18:00,7,0
2016,0000,334.70,4,2018-10-1,21:00,4,0
2017,0000,4.16,8,2018-10-2,8:00,8,0
2018,0000,6.06,8,2018-10-2,12:00,8,0
2019,0000,9.10,8,2018-10-2,17:00,8,0
2020,0000,2.15,8,2018-10-3,8:00,8,0
2021,0000,13.04,8,2018-10-3,12:00,9,0
2022,0000,12.33,8,2018-10-3,17:00,9,0
2023,0000,5.52,8,2018-10-4,8:00,8,0
2024,0000,4.63,8,2018-10-4,12:00,8,0
2025,0000,13.00,8,2018-10-4,17:00,9,0
2026,0000,6.59,7,2018-10-4,18:00,7,0
2027,0000,3.79,8,2018-10-5,8:00,8,0
2028,0000,5.95,8,2018-10-5,12:00,8,0
2029,0000,15.06,8,2018-10-5,17:00,9,0
2030,0000,5.89,8,2018-10-6,8:00,8,0
2031,0000,4.46,8,2018-10-6,12:00,8,0
2032,0000,22.64,8,2018-10-6,17:00,10,0
2033,0000,216.73,4,2018-10-6,21:00,4,0
2034,0000,5.55,8,2018-10-7,8:00,8,0
2035,0000,9.88,8,2018-10-7,12:00,8,0
2036,0000,17.36,8,2018-10-7,17:00,9,0
2037,0000,4.28,7,2018-10-7,18:00,7,0
2038,0000,4.78,8,2018-10-8,8:00,8,0
2039,0000,7.55,8,2018-10-8,12:00,8,0
2040,0000,12.53,8,2018-10-8,17:00,9,0
2041,0000,515.00,6,2018-10-9,0:00,6,1
2042,0000,4.84,8,2018-10-9,8:00,8,0
2043,0000,11.70,8,2018-10-9,12:00,9,0
2044,0000,10.65,8,2018-10-9,17:00,9,0
2045,0000,196.41,2,2018-10-9,19:00,2,0
2046,0000,1.84,8,2018-10-10,8:00,8,0
2047,0000,6.16,8,2018-10-10,12:00,8,0
2048,0000,25.99,8,2018-10-10,17:00,10,0
2049,0000,10.41,7,2018-10-10,18:00,7,0
2050,0000,3.36,8,2018-10-11,8:00,8,0
2051,0000,7.17,8,2018-10-11,12:00,8,0
2052,0000,14.14,8,2018-10-11,17:00,9,0
2053,0000,256.60,4,2018-10-11,21:00,4,0
2054,0000,2.62,8,2018-10-12,8:00,8,0
2055,0000,11.23,8,2018-10-12,12:00,9,0
2056,0000,12.74,8,2018-10-12,17:00,9,0
2057,0000,2.76,8,2018-10-13,8:00,8,0
2058,0000,10.60,8,2018-10-13,12:00,9,0
2059,0000,9.08,8,2018-10-13,17:00,8,0
2060,0000,5.69,7,2018-10-13,18:00,7,0
2061,0000,1.98,8,2018-10-14,8:00,8,0
2062,0000,12.03,8,2018-10-14,12:00,9,0
2063,0000,11.81,8,2018-10-14,17:00,9,0
2064,0000,5.03,8,2018-10-15,8:00,8,0
2065,0000,8.10,8,2018-10-15,12:00,8,0
2066,0000,17.26,8,2018-10-15,17:00,9,0
2067,0000,167.31,3,2018-10-16,0:00,3,1
2068,0000,3.25,8,2018-10-16,8:00,8,0
2069,0000,7.65,8,2018-10-16,12:00,8,0
2070,0000,18.34,8,2018-10-16,17:00,9,0
2071,0000,3.63,7,2018-10-16,18:00,7,0
2072,0000,374.73,4,2018-10-16,21:00,4,0
2073,0000,3.70,8,2018-10-17,8:00,8,0
2074,0000,11.55,8,2018-10-17,12:00,9,0
2075,0000,13.37,8,2018-10-17,17:00,9,0
2076,0000,3.21,8,2018-10-18,8:00,8,0
2077,0000,9.00,8,2018-10-18,12:00,8,0
2078,0000,13.37,8,2018-10-18,17:00,9,0
2079,0000,5.32,8,2018-10-19,8:00,8,0
2080,0000,6.72,8,2018-10-19,12:00,8,0
2081,0000,10.12,8,2018-10-19,17:00,9,0
2082,0000,4.73,7,2018-10-19,18:00,7,0
2083,0000,4.03,8,2018-10-20,8:00,8,0
2084,0000,16.09,8,2018-10-20,12:00,9,0
2085,0000,13.37,8,2018-10-20,17:00,9,0
2086,0000,6.18,8,2018-10-21,8:00,8,0
2087,0000,14.27,8,2018-10-21,12:00,9,0
2088,0000,17.35,8,2018-10-21,17:00,9,0
2089,0000,360.00,4,2018-10-21,21:00,4,0
2090,0000,4.95,8,2018-10-22,8:00,8,0
2091,0000,11.75,8,2018-10-22,12:00,9,0
2092,0000,9.51,8,2018-10-22,17:00,8,0
2093,0000,3.67,7,2018-10-22,18:00,7,0
2094,0000,3.45,8,2018-10-23,8:00,8,0
2095,0000,9.87,8,2018-10-23,12:00,8,0
2096,0000,24.07,8,2018-10-23,17:00,10,0
2097,0000,5.42,8,2018-10-24,8:00,8,0
2098,0000,7.32,8,2018-10-24,12:00,8,0
2099,0000,10.47,8,2018-10-24,17:00,9,0
2100,0000,4.43,8,2018-10-25,8:00,8,0
2101,0000,12.88,8,2018-10-25,12:00,9,0
2102,0000,19.89,8,2018-10-25,17:00,9,0
2103,0000,15.96,7,2018-10-25,18:00,7,0
2104,0000,2.31,8,2018-10-26,8:00,8,0
2105,0000,12.88,8,2018-10-26,12:00,9,0
2106,0000,11.81,8,2018-10-26,17:00,9,0
2107,0000,311.15,4,2018-10-26,21:00,4,0
2108,0000,4.64,8,2018-10-27,8:00,8,0
2109,0000,5.44,8,2018-10-27,12:00,8,0
2110,0000,12.56,8,2018-10-27,17:00,9,0
2111,0000,363.10,5,2018-10-28,0:00,5,1
2112,0000,3.66,8,2018-10-28,8:00,8,0
2113,0000,6.54,8,2018-10-28,12:00,8,0
2114,0000,7.61,8,2018-10-28,17:00,8,0
2115,0000,2.23,7,2018-10-28,18:00,7,0
2116,0000,3.34,8,2018-10-29,8:00,8,0
2117,0000,8.54,8,2018-10-29,12:00,8,0
2118,0000,13.87,8,2018-10-29,17:00,9,0
2119,0000,3.65,8,2018-10-30,8:00,8,0
2120,0000,8.55,8,2018-10-30,12:00,8,0
2121,0000,11.86,8,2018-10-30,17:00,9,0
2122,0000,4.48,8,2018-10-31,8:00,8,0
2123,0000,8.84,8,2018-10-31,12:00,8,0
2124,0000,21.49,8,2018-10-31,17:00,10,0
2125,0000,0.85,7,2018-10-31,18:00,7,0
2126,0000,286.01,4,2018-10-31,21:00,4,0
2127,0000,5.21,8,2018-11-1,8:00,8,0
2128,0000,9.16,8,2018-11-1,12:00,8,0
2129,0000,23.32,8,2018-11-1,17:00,10,0
2130,0000,13.39,7,2018-11-1,18:00,7,0
2131,0000,278.98,4,2018-11-1,21:00,4,0
2132,0000,4.44,8,2018-11-2,8:00,8,0
2133,0000,10.47,8,2018-11-2,12:00,9,0
2134,0000,18.78,8,2018-11-2,17:00,9,0
2135,0000,4.34,8,2018-11-3,8:00,8,0
2136,0000,8.32,8,2018-11-3,12:00,8,0
2137,0000,17.39,8,2018-11-3,17:00,9,0
2138,0000,2.93,8,2018-11-4,8:00,8,0
2139,0000,10.47,8,2018-11-4,12:00,9,0
2140,0000,15.42,8,2018-11-4,17:00,9,0
2141,0000,12.84,7,2018-11-4,18:00,7,0
2142,0000,6.80,8,2018-11-5,8:00,8,0
2143,0000,9.61,8,2018-11-5,12:00,8,0
2144,0000,14.37,8,2018-11-5,17:00,9,0
2145,0000,2.76,8,2018-11-6,8:00,8,0
2146,0000,7.86,8,2018-11-6,12:00,8,0
2147,0000,9.06,8,2018-11-6,17:00,8,0
2148,0000,359.39,4,2018-11-6,21:00,4,0
2149,0000,2.75,8,2018-11-7,8:00,8,0
2150,0000,7.60,8,2018-11-7,12:00,8,0
2151,0000,18.92,8,2018-11-7,17:00,9,0
2152,0000,1.76,7,2018-11-7,18:00,7,0
2153,0000,3.09,8,2018-11-8,8:00,8,0
2154,0000,12.74,8,2018-11-8,12:00,9,0
2155,0000,10.02,8,2018-11-8,17:00,9,0
2156,0000,515.00,6,2018-11-9,0:00,6,1
2157,0000,5.62,8,2018-11-9,8:00,8,0
2158,0000,5.57,8,2018-11-9,12:00,8,0
2159,0000,12.06,8,2018-11-9,17:00,9,0
2160,0000,183.51,2,2018-11-9,19:00,2,0
2161,0000,2.08,8,2018-11-10,8:00,8,0
2162,0000,12.97,8,2018-11-10,12:00,9,0
2163,0000,22.02,8,2018-11-10,17:00,10,0
2164,0000,4.92,7,2018-11-10,18:00,7,0
2165,0000,4.18,8,2018-11-11,8:00,8,0
2166,0000,9.53,8,2018-11-11,12:00,8,0
2167,0000,23.76,8,2018-11-11,17:00,10,0
2168,0000,370.52,4,2018-11-11,21:00,4,0
2169,0000,4.99,8,2018-11-12,8:00,8,0
2170,0000,4.60,8,2018-11-12,12:00,8,0
2171,0000,14.18,8,2018-11-12,17:00,9,0
2172,0000,4.83,8,2018-11-13,8:00,8,0
2173,0000,6.74,8,2018-11-13,12:00,8,0
2174,0000,8.05,8,2018-11-13,17:00,8,0
2175,0000,12.61,7,2018-11-13,18:00,7,0
2176,0000,2.10,8,2018-11-14,8:00,8,0
2177,0000,10.42,8,2018-11-14,12:00,9,0
2178,0000,21.00,8,2018-11-14,17:00,10,0
2179,0000,2.68,8,2018-11-15,8:00,8,0
2180,0000,7.09,8,2018-11-15,12:00,8,0
2181,0000,14.06,8,2018-11-15,17:00,9,0
2182,0000,196.44,3,2018-11-16,0:00,3,1
2183,0000,3.82,8,2018-11-16,8:00,8,0
2184,0000,3.18,8,2018-11-16,12:00,8,0
2185,0000,22.39,8,2018-11-16,17:00,10,0
2186,0000,3.28,7,2018-11-16,18:00,7,0
2187,0000,327.36,4,2018-11-16,21:00,4,0
2188,0000,2.76,8,2018-11-17,8:00,8,0
2189,0000,8.17,8,2018-11-17,12:00,8,0
2190,0000,9.63,8,2018-11-17,17:00,8,0
2191,0000,2.22,8,2018-11-18,8:00,8,0
2192,0000,10.32,8,2018-11-18,12:00,9,0
2193,0000,19.65,8,2018-11-18,17:00,9,0
2194,0000,4.08,8,2018-11-19,8:00,8,0
2195,0000,9.33,8,2018-11-19,12:00,8,0
2196,0000,14.24,8,2018-11-19,17:00,9,0
2197,0000,8.38,7,2018-11-19,18:00,7,0
2198,0000,4.01,8,2018-11-20,8:00,8,0
2199,0000,5.26,8,2018-11-20,12:00,8,0
2200,0000,16.51,8,2018-11-20,17:00,9,0
2201,0000,5.52,8,2018-11-21,8:00,8,0
2202,0000,14.65,8,2018-11-21,12:00,9,0
2203,0000,16.64,8,2018-11-21,17:00,9,0
2204,0000,366.85,4,2018-11-21,21:00,4,0
2205,0000,5.06,8,2018-11-22,8:00,8,0
2206,0000,4.72,8,2018-11-22,12:00,8,0
2207,0000,13.76,8,2018-11-22,17:00,9,0
2208,0000,8.44,7,2018-11-22,18:00,7,0
2209,0000,3.84,8,2018-11-23,8:00,8,0
2210,0000,10.24,8,2018-11-23,12:00,9,0
2211,0000,20.35,8,2018-11-23,17:00,10,0
2212,0000,3.74,8,2018-11-24,8:00,8,0
2213,0000,10.84,8,2018-11-24,12:00,9,0
2214,0000,10.77,8,2018-11-24,17:00,9,0
2215,0000,5.89,8,2018-11-25,8:00,8,0
2216,0000,5.61,8,2018-11-25,12:00,8,0
2217,0000,12.29,8,2018-11-25,17:00,9,0
2218,0000,14.60,7,2018-11-25,18:00,7,0
2219,0000,6.81,8,2018-11-26,8:00,8,0
2220,0000,5.57,8,2018-11-26,12:00,8,0
2221,0000,23.31,8,2018-11-26,17:00,10,0
2222,0000,309.93,4,2018-11-26,21:00,4,0
2223,0000,4.01,8,2018-11-27,8:00,8,0
2224,0000,8.34,8,2018-11-27,12:00,8,0
2225,0000,9.23,8,2018-11-27,17:00,8,0
2226,0000,363.10,5,2018-11-28,0:00,5,1
2227,0000,4.34,8,2018-11-28,8:00,8,0
2228,0000,8.21,8,2018-11-28,12:00,8,0
2229,0000,14.50,8,2018-11-28,17:00,9,0
2230,0000,14.94,7,2018-11-28,18:00,7,0
2231,0000,4.06,8,2018-11-29,8:00,8,0
2232,0000,12.29,8,2018-11-29,12:00,9,0
2233,0000,10.54,8,2018-11-29,17:00,9,0
2234,0000,5.90,8,2018-11-30,8:00,8,0
2235,0000,8.98,8,2018-11-30,12:00,8,0
2236,0000,24.64,8,2018-11-30,17:00,10,0
2237,0000,4.63,8,2018-12-1,8:00,8,0
2238,0000,6.01,8,2018-12-1,12:00,8,0
2239,0000,25.01,8,2018-12-1,17:00,10,0
2240,0000,19.33,7,2018-12-1,18:00,7,0
2241,0000,200.41,4,2018-12-1,21:00,4,0
2242,0000,2.86,8,2018-12-2,8:00,8,0
2243,0000,15.23,8,2018-12-2,12:00,9,0
2244,0000,7.14,8,2018-12-2,17:00,8,0
2245,0000,2.09,8,2018-12-3,8:00,8,0
2246,0000,5.13,8,2018-12-3,12:00,8,0
2247,0000,14.75,8,2018-12-3,17:00,9,0
2248,0000,5.61,8,2018-12-4,8:00,8,0
2249,0000,10.89,8,2018-12-4,12:00,9,0
2250,0000,14.79,8,2018-12-4,17:00,9,0
2251,0000,4.94,7,2018-12-4,18:00,7,0
2252,0000,2.84,8,2018-12-5,8:00,8,0
2253,0000,4.48,8,2018-12-5,12:00,8,0
2254,0000,17.74,8,2018-12-5,17:00,9,0
2255,0000,2.68,8,2018-12-6,8:00,8,0
2256,0000,7.65,8,2018-12-6,12:00,8,0
2257,0000,11.06,8,2018-12-6,17:00,9,0
2258,0000,370.13,4,2018-12-6,21:00,4,0
2259,0000,4.95,8,2018-12-7,8:00,8,0
2260,0000,5.51,8,2018-12-7,12:00,8,0
2261,0000,14.74,8,2018-12-7,17:00,9,0
2262,0000,2.55,7,2018-12-7,18:00,7,0
2263,0000,2.08,8,2018-12-8,8:00,8,0
2264,0000,13.59,8,2018-12-8,12:00,9,0
2265,0000,19.72,8,2018-12-8,17:00,9,0
2266,0000,515.00,6,2018-12-9,0:00,6,1
2267,0000,3.96,8,2018-12-9,8:00,8,0
2268,0000,14.39,8,2018-12-9,12:00,9,0
2269,0000,12.44,8,2018-12-9,17:00,9,0
2270,0000,152.02,2,2018-12-9,19:00,2,0
2271,0000,6.15,8,2018-12-10,8:00,8,0
2272,0000,5.32,8,2018-12-10,12:00,8,0
2273,0000,21.02,8,2018-12-10,17:00,10,0
2274,0000,15.71,7,2018-12-10,18:00,7,0
2275,0000,5.80,8,2018-12-11,8:00,8,0
2276,0000,5.23,8,2018-12-11,12:00,8,0
2277,0000,25.94,8,2018-12-11,17:00,10,0
2278,0000,314.93,4,2018-12-11,21:00,4,0
2279,0000,6.00,8,2018-12-12,8:00,8,0
2280,0000,10.81,8,2018-12-12,12:00,9,0
2281,0000,22.21,8,2018-12-12,17:00,10,0
2282,0000,3.92,8,2018-12-13,8:00,8,0
2283,0000,11.46,8,2018-12-13,12:00,9,0
2284,0000,18.55,8,2018-12-13,17:00,9,0
2285,0000,15.65,7,2018-12-13,18:00,7,0
2286,0000,2.75,8,2018-12-14,8:00,8,0
2287,0000,11.19,8,2018-12-14,12:00,9,0
2288,0000,17.76,8,2018-12-14,17:00,9,0
2289,0000,4.80,8,2018-12-15,8:00,8,0
2290,0000,7.76,8,2018-12-15,12:00,8,0
2291,0000,7.25,8,2018-12-15,17:00,8,0
2292,0000,155.48,3,2018-12-16,0:00,3,1
2293,0000,6.44,8,2018-12-16,8:00,8,0
2294,0000,14.83,8,2018-12-16,12:00,9,0
2295,0000,16.33,8,2018-12-16,17:00,9,0
2296,0000,4.67,7,2018-12-16,18:00,7,0
2297,0000,225.71,4,2018-12-16,21:00,4,0
2298,0000,2.01,8,2018-12-17,8:00,8,0
2299,0000,9.46,8,2018-12-17,12:00,8,0
2300,0000,14.04,8,2018-12-17,17:00,9,0
2301,0000,5.62,8,2018-12-18,8:00,8,0
2302,0000,10.82,8,2018-12-18,12:00,9,0
2303,0000,16.42,8,2018-12-18,17:00,9,0
2304,0000,2.69,8,2018-12-19,8:00,8,0
2305,0000,5.26,8,2018-12-19,12:00,8,0
2306,0000,21.47,8,2018-12-19,17:00,10,0
2307,0000,0.48,7,2018-12-19,18:00,7,0
2308,0000,3.44,8,2018-12-20,8:00,8,0
2309,0000,9.05,8,2018-12-20,12:00,8,0
2310,0000,24.00,8,2018-12-20,17:00,10,0
2311,0000,4.61,8,2018-12-21,8:00,8,0
2312,0000,8.05,8,2018-12-21,12:00,8,0
2313,0000,9.94,8,2018-12-21,17:00,8,0
2314,0000,372.08,4,2018-12-21,21:00,4,0
2315,0000,4.57,8,2018-12-22,8:00,8,0
2316,0000,5.74,8,2018-12-22,12:00,8,0
2317,0000,13.81,8,2018-12-22,17:00,9,0
2318,0000,17.74,7,2018-12-22,18:00,7,0
2319,0000,6.25,8,2018-12-23,8:00,8,0
2320,0000,8.54,8,2018-12-23,12:00,8,0
2321,0000,9.29,8,2018-12-23,17:00,8,0
2322,0000,3.41,8,2018-12-24,8:00,8,0
2323,0000,9.90,8,2018-12-24,12:00,8,0
2324,0000,25.35,8,2018-12-24,17:00,10,0
2325,0000,4.52,8,2018-12-25,8:00,8,0
2326,0000,11.13,8,2018-12-25,12:00,9,0
2327,0000,9.01,8,2018-12-25,17:00,8,0
2328,0000,2.19,7,2018-12-25,18:00,7,0
2329,0000,3.40,8,2018-12-26,8:00,8,0
2330,0000,5.92,8,2018-12-26,12:00,8,0
2331,0000,18.77,8,2018-12-26,17:00,9,0
2332,0000,266.75,4,2018-12-26,21:00,4,0
2333,0000,5.61,8,2018-12-27,8:00,8,0
2334,0000,5.63,8,2018-12-27,12:00,8,0
2335,0000,18.22,8,2018-12-27,17:00,9,0
2336,0000,363.10,5,2018-12-28,0:00,5,1
2337,0000,3.05,8,2018-12-28,8:00,8,0
2338,0000,13.40,8,2018-12-28,12:00,9,0
2339,0000,6.80,8,2018-12-28,17:00,8,0
2340,0000,8.07,7,2018-12-28,18:00,7,0
2341,0000,3.07,8,2018-12-29,8:00,8,0
2342,0000,6.48,8,2018-12-29,12:00,8,0
2343,0000,13.01,8,2018-12-29,17:00,9,0
2344,0000,4.43,8,2018-12-30,8:00,8,0
2345,0000,11.42,8,2018-12-30,12:00,9,0
2346,0000,12.04,8,2018-12-30,17:00,9,0
2347,0000,3.74,8,2018-12-31,8:00,8,0
2348,0000,14.08,8,2018-12-31,12:00,9,0
2349,0000,15.84,8,2018-12-31,17:00,9,0
2350,0000,2.04,7,2018-12-31,18:00,7,0
2351,0000,246.22,4,2018-12-31,21:00,4,0
