1000,0002,2.67,8,2018-1-1,8:00,8,0
1001,0002,5.00,8,2018-1-1,12:00,8,0
1002,0002,5.56,8,2018-1-1,17:00,8,0
1003,0002,12.12,7,2018-1-1,18:00,7,0
1004,0002,19.99,4,2018-1-1,21:00,4,0
1005,0002,1.67,8,2018-1-2,8:00,8,0
1006,0002,5.26,8,2018-1-2,12:00,8,0
1007,0002,6.30,8,2018-1-2,17:00,8,0
1008,0002,1.78,8,2018-1-3,8:00,8,0
1009,0002,5.30,8,2018-1-3,12:00,8,0
1010,0002,6.15,8,2018-1-3,17:00,8,0
1011,0002,1.98,8,2018-1-4,8:00,8,0
1012,0002,5.84,8,2018-1-4,12:00,8,0
1013,0002,5.41,8,2018-1-4,17:00,8,0
1014,0002,12.12,7,2018-1-4,18:00,7,0
1015,0002,287.35,5,2018-1-5,0:00,5,1
1016,0002,2.67,8,2018-1-5,8:00,8,0
1017,0002,2.77,8,2018-1-5,12:00,8,0
1018,0002,7.79,8,2018-1-5,17:00,8,0
1019,0002,1.31,8,2018-1-6,8:00,8,0
1020,0002,5.74,8,2018-1-6,12:00,8,0
1021,0002,6.18,8,2018-1-6,17:00,8,0
1022,0002,19.99,4,2018-1-6,21:00,4,0
1023,0002,1.56,8,2018-1-7,8:00,8,0
1024,0002,3.94,8,2018-1-7,12:00,8,0
1025,0002,7.73,8,2018-1-7,17:00,8,0
1026,0002,12.12,7,2018-1-7,18:00,7,0
1027,0002,3.10,8,2018-1-8,8:00,8,0
1028,0002,3.28,8,2018-1-8,12:00,8,0
1029,0002,6.85,8,2018-1-8,17:00,8,0
1030,0002,1.54,8,2018-1-9,8:00,8,0
1031,0002,5.61,8,2018-1-9,12:00,8,0
1032,0002,6.08,8,2018-1-9,17:00,8,0
1033,0002,2.21,8,2018-1-10,8:00,8,0
1034,0002,5.22,8,2018-1-10,12:00,8,0
1035,0002,5.80,8,2018-1-10,17:00,8,0
1036,0002,12.12,7,2018-1-10,18:00,7,0
1037,0002,11225.20,0,2018-1-11,0:00,0,1
1038,0002,1.56,8,2018-1-11,8:00,8,0
1039,0002,5.60,8,2018-1-11,12:00,8,0
1040,0002,6.07,8,2018-1-11,17:00,8,0
1041,0002,19.99,4,2018-1-11,21:00,4,0
1042,0002,1.29,8,2018-1-12,8:00,8,0
1043,0002,3.46,8,2018-1-12,12:00,8,0
1044,0002,8.48,8,2018-1-12,17:00,8,0
1045,0002,436.25,6,2018-1-13,0:00,6,1
1046,0002,3.82,8,2018-1-13,8:00,8,0
1047,0002,3.91,8,2018-1-13,12:00,8,0
1048,0002,5.50,8,2018-1-13,17:00,8,0
1049,0002,12.12,7,2018-1-13,18:00,7,0
1050,0002,1.67,8,2018-1-14,8:00,8,0
1051,0002,4.22,8,2018-1-14,12:00,8,0
1052,0002,7.34,8,2018-1-14,17:00,8,0
1053,0002,3.10,8,2018-1-15,8:00,8,0
1054,0002,5.46,8,2018-1-15,12:00,8,0
1055,0002,4.67,8,2018-1-15,17:00,8,0
1056,0002,123.20,2,2018-1-15,19:00,2,0
1057,0002,1.92,8,2018-1-16,8:00,8,0
1058,0002,4.25,8,2018-1-16,12:00,8,0
1059,0002,7.06,8,2018-1-16,17:00,8,0
1060,0002,12.12,7,2018-1-16,18:00,7,0
1061,0002,19.99,4,2018-1-16,21:00,4,0
1062,0002,1.97,8,2018-1-17,8:00,8,0
1063,0002,3.91,8,2018-1-17,12:00,8,0
1064,0002,7.35,8,2018-1-17,17:00,8,0
1065,0002,1.57,8,2018-1-18,8:00,8,0
1066,0002,5.15,8,2018-1-18,12:00,8,0
1067,0002,6.51,8,2018-1-18,17:00,8,0
1068,0002,3.08,8,2018-1-19,8:00,8,0
1069,0002,5.79,8,2018-1-19,12:00,8,0
1070,0002,4.36,8,2018-1-19,17:00,8,0
1071,0002,12.12,7,2018-1-19,18:00,7,0
1072,0002,140.35,3,2018-1-20,0:00,3,1
1073,0002,1.81,8,2018-1-20,8:00,8,0
1074,0002,3.39,8,2018-1-20,12:00,8,0
1075,0002,8.03,8,2018-1-20,17:00,8,0
1076,0002,2.10,8,2018-1-21,8:00,8,0
1077,0002,3.89,8,2018-1-21,12:00,8,0
1078,0002,7.24,8,2018-1-21,17:00,8,0
1079,0002,19.99,4,2018-1-21,21:00,4,0
1080,0002,3.47,8,2018-1-22,8:00,8,0
1081,0002,2.96,8,2018-1-22,12:00,8,0
1082,0002,6.80,8,2018-1-22,17:00,8,0
1083,0002,12.12,7,2018-1-22,18:00,7,0
1084,0002,1.99,8,2018-1-23,8:00,8,0
1085,0002,5.22,8,2018-1-23,12:00,8,0
1086,0002,6.02,8,2018-1-23,17:00,8,0
1087,0002,2.32,8,2018-1-24,8:00,8,0
1088,0002,4.07,8,2018-1-24,12:00,8,0
1089,0002,6.84,8,2018-1-24,17:00,8,0
1090,0002,2.62,8,2018-1-25,8:00,8,0
1091,0002,5.18,8,2018-1-25,12:00,8,0
1092,0002,5.43,8,2018-1-25,17:00,8,0
1093,0002,12.12,7,2018-1-25,18:00,7,0
1094,0002,2.55,8,2018-1-26,8:00,8,0
1095,0002,2.84,8,2018-1-26,12:00,8,0
1096,0002,7.84,8,2018-1-26,17:00,8,0
1097,0002,19.99,4,2018-1-26,21:00,4,0
1098,0002,2.87,8,2018-1-27,8:00,8,0
1099,0002,2.57,8,2018-1-27,12:00,8,0
1100,0002,7.79,8,2018-1-27,17:00,8,0
1101,0002,2.61,8,2018-1-28,8:00,8,0
1102,0002,3.71,8,2018-1-28,12:00,8,0
1103,0002,6.91,8,2018-1-28,17:00,8,0
1104,0002,12.12,7,2018-1-28,18:00,7,0
1105,0002,3.34,8,2018-1-29,8:00,8,0
1106,0002,2.95,8,2018-1-29,12:00,8,0
1107,0002,6.94,8,2018-1-29,17:00,8,0
1108,0002,2.80,8,2018-1-30,8:00,8,0
1109,0002,4.28,8,2018-1-30,12:00,8,0
1110,0002,6.15,8,2018-1-30,17:00,8,0
1111,0002,1.86,8,2018-1-31,8:00,8,0
1112,0002,3.49,8,2018-1-31,12:00,8,0
1113,0002,7.88,8,2018-1-31,17:00,8,0
1114,0002,12.12,7,2018-1-31,18:00,7,0
1115,0002,19.99,4,2018-1-31,21:00,4,0
1116,0002,2.28,8,2018-2-1,8:00,8,0
1117,0002,3.97,8,2018-2-1,12:00,8,0
1118,0002,6.98,8,2018-2-1,17:00,8,0
1119,0002,12.12,7,2018-2-1,18:00,7,0
1120,0002,19.99,4,2018-2-1,21:00,4,0
1121,0002,3.65,8,2018-2-2,8:00,8,0
1122,0002,2.97,8,2018-2-2,12:00,8,0
1123,0002,6.61,8,2018-2-2,17:00,8,0
1124,0002,1.83,8,2018-2-3,8:00,8,0
1125,0002,4.55,8,2018-2-3,12:00,8,0
1126,0002,6.85,8,2018-2-3,17:00,8,0
1127,0002,2.21,8,2018-2-4,8:00,8,0
1128,0002,5.78,8,2018-2-4,12:00,8,0
1129,0002,5.24,8,2018-2-4,17:00,8,0
1130,0002,12.12,7,2018-2-4,18:00,7,0
1131,0002,287.35,5,2018-2-5,0:00,5,1
1132,0002,2.53,8,2018-2-5,8:00,8,0
1133,0002,5.35,8,2018-2-5,12:00,8,0
1134,0002,5.35,8,2018-2-5,17:00,8,0
1135,0002,1.92,8,2018-2-6,8:00,8,0
1136,0002,3.64,8,2018-2-6,12:00,8,0
1137,0002,7.67,8,2018-2-6,17:00,8,0
1138,0002,19.99,4,2018-2-6,21:00,4,0
1139,0002,1.85,8,2018-2-7,8:00,8,0
1140,0002,3.89,8,2018-2-7,12:00,8,0
1141,0002,7.49,8,2018-2-7,17:00,8,0
1142,0002,12.12,7,2018-2-7,18:00,7,0
1143,0002,3.32,8,2018-2-8,8:00,8,0
1144,0002,4.74,8,2018-2-8,12:00,8,0
1145,0002,5.17,8,2018-2-8,17:00,8,0
1146,0002,3.22,8,2018-2-9,8:00,8,0
1147,0002,3.00,8,2018-2-9,12:00,8,0
1148,0002,7.01,8,2018-2-9,17:00,8,0
1149,0002,2.59,8,2018-2-10,8:00,8,0
1150,0002,2.92,8,2018-2-10,12:00,8,0
1151,0002,7.72,8,2018-2-10,17:00,8,0
1152,0002,12.12,7,2018-2-10,18:00,7,0
1153,0002,2.93,8,2018-2-11,8:00,8,0
1154,0002,3.37,8,2018-2-11,12:00,8,0
1155,0002,6.93,8,2018-2-11,17:00,8,0
1156,0002,19.99,4,2018-2-11,21:00,4,0
1157,0002,3.14,8,2018-2-12,8:00,8,0
1158,0002,4.13,8,2018-2-12,12:00,8,0
1159,0002,5.96,8,2018-2-12,17:00,8,0
1160,0002,436.25,6,2018-2-13,0:00,6,1
1161,0002,1.38,8,2018-2-13,8:00,8,0
1162,0002,3.72,8,2018-2-13,12:00,8,0
1163,0002,8.13,8,2018-2-13,17:00,8,0
1164,0002,12.12,7,2018-2-13,18:00,7,0
1165,0002,3.28,8,2018-2-14,8:00,8,0
1166,0002,4.45,8,2018-2-14,12:00,8,0
1167,0002,5.50,8,2018-2-14,17:00,8,0
1168,0002,2.85,8,2018-2-15,8:00,8,0
1169,0002,3.96,8,2018-2-15,12:00,8,0
1170,0002,6.42,8,2018-2-15,17:00,8,0
1171,0002,123.20,2,2018-2-15,19:00,2,0
1172,0002,2.90,8,2018-2-16,8:00,8,0
1173,0002,2.95,8,2018-2-16,12:00,8,0
1174,0002,7.38,8,2018-2-16,17:00,8,0
1175,0002,12.12,7,2018-2-16,18:00,7,0
1176,0002,19.99,4,2018-2-16,21:00,4,0
1177,0002,1.64,8,2018-2-17,8:00,8,0
1178,0002,4.51,8,2018-2-17,12:00,8,0
1179,0002,7.08,8,2018-2-17,17:00,8,0
1180,0002,1.93,8,2018-2-18,8:00,8,0
1181,0002,4.20,8,2018-2-18,12:00,8,0
1182,0002,7.10,8,2018-2-18,17:00,8,0
1183,0002,3.42,8,2018-2-19,8:00,8,0
1184,0002,3.59,8,2018-2-19,12:00,8,0
1185,0002,6.22,8,2018-2-19,17:00,8,0
1186,0002,12.12,7,2018-2-19,18:00,7,0
1187,0002,140.35,3,2018-2-20,0:00,3,1
1188,0002,1.94,8,2018-2-20,8:00,8,0
1189,0002,6.12,8,2018-2-20,12:00,8,0
1190,0002,5.17,8,2018-2-20,17:00,8,0
1191,0002,3.40,8,2018-2-21,8:00,8,0
1192,0002,4.24,8,2018-2-21,12:00,8,0
1193,0002,5.59,8,2018-2-21,17:00,8,0
1194,0002,19.99,4,2018-2-21,21:00,4,0
1195,0002,1.78,8,2018-2-22,8:00,8,0
1196,0002,4.56,8,2018-2-22,12:00,8,0
1197,0002,6.89,8,2018-2-22,17:00,8,0
1198,0002,12.12,7,2018-2-22,18:00,7,0
1199,0002,2.02,8,2018-2-23,8:00,8,0
1200,0002,4.91,8,2018-2-23,12:00,8,0
1201,0002,6.30,8,2018-2-23,17:00,8,0
1202,0002,1.71,8,2018-2-24,8:00,8,0
1203,0002,4.68,8,2018-2-24,12:00,8,0
1204,0002,6.84,8,2018-2-24,17:00,8,0
1205,0002,3.23,8,2018-2-25,8:00,8,0
1206,0002,4.17,8,2018-2-25,12:00,8,0
1207,0002,5.83,8,2018-2-25,17:00,8,0
1208,0002,12.12,7,2018-2-25,18:00,7,0
1209,0002,3.32,8,2018-2-26,8:00,8,0
1210,0002,5.31,8,2018-2-26,12:00,8,0
1211,0002,4.60,8,2018-2-26,17:00,8,0
1212,0002,19.99,4,2018-2-26,21:00,4,0
1213,0002,1.66,8,2018-2-27,8:00,8,0
1214,0002,3.79,8,2018-2-27,12:00,8,0
1215,0002,7.78,8,2018-2-27,17:00,8,0
1216,0002,2.00,8,2018-2-28,8:00,8,0
1217,0002,3.52,8,2018-2-28,12:00,8,0
1218,0002,7.71,8,2018-2-28,17:00,8,0
1219,0002,12.12,7,2018-2-28,18:00,7,0
1220,0002,3.52,8,2018-3-1,8:00,8,0
1221,0002,4.23,8,2018-3-1,12:00,8,0
1222,0002,5.48,8,2018-3-1,17:00,8,0
1223,0002,12.12,7,2018-3-1,18:00,7,0
1224,0002,19.99,4,2018-3-1,21:00,4,0
1225,0002,3.33,8,2018-3-2,8:00,8,0
1226,0002,3.45,8,2018-3-2,12:00,8,0
1227,0002,6.45,8,2018-3-2,17:00,8,0
1228,0002,2.28,8,2018-3-3,8:00,8,0
1229,0002,2.99,8,2018-3-3,12:00,8,0
1230,0002,7.96,8,2018-3-3,17:00,8,0
1231,0002,1.13,8,2018-3-4,8:00,8,0
1232,0002,4.92,8,2018-3-4,12:00,8,0
1233,0002,7.18,8,2018-3-4,17:00,8,0
1234,0002,12.12,7,2018-3-4,18:00,7,0
1235,0002,287.35,5,2018-3-5,0:00,5,1
1236,0002,3.72,8,2018-3-5,8:00,8,0
1237,0002,4.24,8,2018-3-5,12:00,8,0
1238,0002,5.27,8,2018-3-5,17:00,8,0
1239,0002,2.70,8,2018-3-6,8:00,8,0
1240,0002,4.01,8,2018-3-6,12:00,8,0
1241,0002,6.52,8,2018-3-6,17:00,8,0
1242,0002,19.99,4,2018-3-6,21:00,4,0
1243,0002,1.79,8,2018-3-7,8:00,8,0
1244,0002,5.17,8,2018-3-7,12:00,8,0
1245,0002,6.27,8,2018-3-7,17:00,8,0
1246,0002,12.12,7,2018-3-7,18:00,7,0
1247,0002,2.17,8,2018-3-8,8:00,8,0
1248,0002,5.92,8,2018-3-8,12:00,8,0
1249,0002,5.14,8,2018-3-8,17:00,8,0
1250,0002,3.26,8,2018-3-9,8:00,8,0
1251,0002,4.06,8,2018-3-9,12:00,8,0
1252,0002,5.91,8,2018-3-9,17:00,8,0
1253,0002,2.06,8,2018-3-10,8:00,8,0
1254,0002,3.31,8,2018-3-10,12:00,8,0
1255,0002,7.86,8,2018-3-10,17:00,8,0
1256,0002,12.12,7,2018-3-10,18:00,7,0
1257,0002,3.23,8,2018-3-11,8:00,8,0
1258,0002,3.53,8,2018-3-11,12:00,8,0
1259,0002,6.47,8,2018-3-11,17:00,8,0
1260,0002,19.99,4,2018-3-11,21:00,4,0
1261,0002,1.63,8,2018-3-12,8:00,8,0
1262,0002,4.37,8,2018-3-12,12:00,8,0
1263,0002,7.23,8,2018-3-12,17:00,8,0
1264,0002,436.25,6,2018-3-13,0:00,6,1
1265,0002,2.72,8,2018-3-13,8:00,8,0
1266,0002,2.91,8,2018-3-13,12:00,8,0
1267,0002,7.60,8,2018-3-13,17:00,8,0
1268,0002,12.12,7,2018-3-13,18:00,7,0
1269,0002,2.86,8,2018-3-14,8:00,8,0
1270,0002,4.60,8,2018-3-14,12:00,8,0
1271,0002,5.77,8,2018-3-14,17:00,8,0
1272,0002,3.55,8,2018-3-15,8:00,8,0
1273,0002,4.36,8,2018-3-15,12:00,8,0
1274,0002,5.32,8,2018-3-15,17:00,8,0
1275,0002,123.20,2,2018-3-15,19:00,2,0
1276,0002,3.22,8,2018-3-16,8:00,8,0
1277,0002,4.30,8,2018-3-16,12:00,8,0
1278,0002,5.71,8,2018-3-16,17:00,8,0
1279,0002,12.12,7,2018-3-16,18:00,7,0
1280,0002,19.99,4,2018-3-16,21:00,4,0
1281,0002,1.81,8,2018-3-17,8:00,8,0
1282,0002,4.41,8,2018-3-17,12:00,8,0
1283,0002,7.01,8,2018-3-17,17:00,8,0
1284,0002,2.31,8,2018-3-18,8:00,8,0
1285,0002,5.14,8,2018-3-18,12:00,8,0
1286,0002,5.78,8,2018-3-18,17:00,8,0
1287,0002,2.32,8,2018-3-19,8:00,8,0
1288,0002,5.39,8,2018-3-19,12:00,8,0
1289,0002,5.52,8,2018-3-19,17:00,8,0
1290,0002,12.12,7,2018-3-19,18:00,7,0
1291,0002,140.35,3,2018-3-20,0:00,3,1
1292,0002,2.30,8,2018-3-20,8:00,8,0
1293,0002,5.34,8,2018-3-20,12:00,8,0
1294,0002,5.59,8,2018-3-20,17:00,8,0
1295,0002,2.26,8,2018-3-21,8:00,8,0
1296,0002,4.04,8,2018-3-21,12:00,8,0
1297,0002,6.93,8,2018-3-21,17:00,8,0
1298,0002,19.99,4,2018-3-21,21:00,4,0
1299,0002,1.13,8,2018-3-22,8:00,8,0
1300,0002,5.19,8,2018-3-22,12:00,8,0
1301,0002,6.91,8,2018-3-22,17:00,8,0
1302,0002,12.12,7,2018-3-22,18:00,7,0
1303,0002,1.85,8,2018-3-23,8:00,8,0
1304,0002,5.06,8,2018-3-23,12:00,8,0
1305,0002,6.32,8,2018-3-23,17:00,8,0
1306,0002,3.77,8,2018-3-24,8:00,8,0
1307,0002,2.67,8,2018-3-24,12:00,8,0
1308,0002,6.79,8,2018-3-24,17:00,8,0
1309,0002,2.04,8,2018-3-25,8:00,8,0
1310,0002,4.66,8,2018-3-25,12:00,8,0
1311,0002,6.53,8,2018-3-25,17:00,8,0
1312,0002,12.12,7,2018-3-25,18:00,7,0
1313,0002,2.07,8,2018-3-26,8:00,8,0
1314,0002,5.32,8,2018-3-26,12:00,8,0
1315,0002,5.84,8,2018-3-26,17:00,8,0
1316,0002,19.99,4,2018-3-26,21:00,4,0
1317,0002,1.71,8,2018-3-27,8:00,8,0
1318,0002,4.91,8,2018-3-27,12:00,8,0
1319,0002,6.61,8,2018-3-27,17:00,8,0
1320,0002,3.16,8,2018-3-28,8:00,8,0
1321,0002,2.55,8,2018-3-28,12:00,8,0
1322,0002,7.52,8,2018-3-28,17:00,8,0
1323,0002,12.12,7,2018-3-28,18:00,7,0
1324,0002,1.48,8,2018-3-29,8:00,8,0
1325,0002,3.85,8,2018-3-29,12:00,8,0
1326,0002,7.90,8,2018-3-29,17:00,8,0
1327,0002,1.05,8,2018-3-30,8:00,8,0
1328,0002,3.90,8,2018-3-30,12:00,8,0
1329,0002,8.28,8,2018-3-30,17:00,8,0
1330,0002,2.68,8,2018-3-31,8:00,8,0
1331,0002,2.78,8,2018-3-31,12:00,8,0
1332,0002,7.77,8,2018-3-31,17:00,8,0
1333,0002,12.12,7,2018-3-31,18:00,7,0
1334,0002,19.99,4,2018-3-31,21:00,4,0
1335,0002,2.21,8,2018-4-1,8:00,8,0
1336,0002,4.59,8,2018-4-1,12:00,8,0
1337,0002,6.43,8,2018-4-1,17:00,8,0
1338,0002,12.12,7,2018-4-1,18:00,7,0
1339,0002,19.99,4,2018-4-1,21:00,4,0
1340,0002,2.81,8,2018-4-2,8:00,8,0
1341,0002,4.01,8,2018-4-2,12:00,8,0
1342,0002,6.41,8,2018-4-2,17:00,8,0
1343,0002,1.17,8,2018-4-3,8:00,8,0
1344,0002,6.08,8,2018-4-3,12:00,8,0
1345,0002,5.98,8,2018-4-3,17:00,8,0
1346,0002,2.77,8,2018-4-4,8:00,8,0
1347,0002,3.53,8,2018-4-4,12:00,8,0
1348,0002,6.93,8,2018-4-4,17:00,8,0
1349,0002,12.12,7,2018-4-4,18:00,7,0
1350,0002,287.35,5,2018-4-5,0:00,5,1
1351,0002,3.22,8,2018-4-5,8:00,8,0
1352,0002,3.63,8,2018-4-5,12:00,8,0
1353,0002,6.38,8,2018-4-5,17:00,8,0
1354,0002,1.86,8,2018-4-6,8:00,8,0
1355,0002,2.87,8,2018-4-6,12:00,8,0
1356,0002,8.50,8,2018-4-6,17:00,8,0
1357,0002,19.99,4,2018-4-6,21:00,4,0
1358,0002,2.99,8,2018-4-7,8:00,8,0
1359,0002,4.63,8,2018-4-7,12:00,8,0
1360,0002,5.61,8,2018-4-7,17:00,8,0
1361,0002,12.12,7,2018-4-7,18:00,7,0
1362,0002,2.01,8,2018-4-8,8:00,8,0
1363,0002,5.43,8,2018-4-8,12:00,8,0
1364,0002,5.79,8,2018-4-8,17:00,8,0
1365,0002,1.75,8,2018-4-9,8:00,8,0
1366,0002,5.19,8,2018-4-9,12:00,8,0
1367,0002,6.29,8,2018-4-9,17:00,8,0
1368,0002,3.31,8,2018-4-10,8:00,8,0
1369,0002,3.59,8,2018-4-10,12:00,8,0
1370,0002,6.33,8,2018-4-10,17:00,8,0
1371,0002,12.12,7,2018-4-10,18:00,7,0
1372,0002,2.04,8,2018-4-11,8:00,8,0
1373,0002,4.46,8,2018-4-11,12:00,8,0
1374,0002,6.73,8,2018-4-11,17:00,8,0
1375,0002,19.99,4,2018-4-11,21:00,4,0
1376,0002,2.19,8,2018-4-12,8:00,8,0
1377,0002,4.59,8,2018-4-12,12:00,8,0
1378,0002,6.45,8,2018-4-12,17:00,8,0
1379,0002,436.25,6,2018-4-13,0:00,6,1
1380,0002,1.42,8,2018-4-13,8:00,8,0
1381,0002,4.79,8,2018-4-13,12:00,8,0
1382,0002,7.02,8,2018-4-13,17:00,8,0
1383,0002,12.12,7,2018-4-13,18:00,7,0
1384,0002,3.00,8,2018-4-14,8:00,8,0
1385,0002,3.39,8,2018-4-14,12:00,8,0
1386,0002,6.84,8,2018-4-14,17:00,8,0
1387,0002,1.37,8,2018-4-15,8:00,8,0
1388,0002,5.31,8,2018-4-15,12:00,8,0
1389,0002,6.55,8,2018-4-15,17:00,8,0
1390,0002,123.20,2,2018-4-15,19:00,2,0
1391,0002,2.27,8,2018-4-16,8:00,8,0
1392,0002,4.01,8,2018-4-16,12:00,8,0
1393,0002,6.95,8,2018-4-16,17:00,8,0
1394,0002,12.12,7,2018-4-16,18:00,7,0
1395,0002,19.99,4,2018-4-16,21:00,4,0
1396,0002,2.05,8,2018-4-17,8:00,8,0
1397,0002,5.45,8,2018-4-17,12:00,8,0
1398,0002,5.73,8,2018-4-17,17:00,8,0
1399,0002,1.37,8,2018-4-18,8:00,8,0
1400,0002,5.60,8,2018-4-18,12:00,8,0
1401,0002,6.26,8,2018-4-18,17:00,8,0
1402,0002,2.28,8,2018-4-19,8:00,8,0
1403,0002,5.43,8,2018-4-19,12:00,8,0
1404,0002,5.52,8,2018-4-19,17:00,8,0
1405,0002,12.12,7,2018-4-19,18:00,7,0
1406,0002,140.35,3,2018-4-20,0:00,3,1
1407,0002,2.12,8,2018-4-20,8:00,8,0
1408,0002,5.48,8,2018-4-20,12:00,8,0
1409,0002,5.63,8,2018-4-20,17:00,8,0
1410,0002,2.24,8,2018-4-21,8:00,8,0
1411,0002,4.95,8,2018-4-21,12:00,8,0
1412,0002,6.04,8,2018-4-21,17:00,8,0
1413,0002,19.99,4,2018-4-21,21:00,4,0
1414,0002,2.71,8,2018-4-22,8:00,8,0
1415,0002,4.99,8,2018-4-22,12:00,8,0
1416,0002,5.53,8,2018-4-22,17:00,8,0
1417,0002,12.12,7,2018-4-22,18:00,7,0
1418,0002,3.22,8,2018-4-23,8:00,8,0
1419,0002,3.50,8,2018-4-23,12:00,8,0
1420,0002,6.51,8,2018-4-23,17:00,8,0
1421,0002,1.96,8,2018-4-24,8:00,8,0
1422,0002,4.35,8,2018-4-24,12:00,8,0
1423,0002,6.92,8,2018-4-24,17:00,8,0
1424,0002,2.34,8,2018-4-25,8:00,8,0
1425,0002,4.86,8,2018-4-25,12:00,8,0
1426,0002,6.03,8,2018-4-25,17:00,8,0
1427,0002,12.12,7,2018-4-25,18:00,7,0
1428,0002,2.12,8,2018-4-26,8:00,8,0
1429,0002,4.70,8,2018-4-26,12:00,8,0
1430,0002,6.41,8,2018-4-26,17:00,8,0
1431,0002,19.99,4,2018-4-26,21:00,4,0
1432,0002,1.78,8,2018-4-27,8:00,8,0
1433,0002,4.20,8,2018-4-27,12:00,8,0
1434,0002,7.25,8,2018-4-27,17:00,8,0
1435,0002,3.40,8,2018-4-28,8:00,8,0
1436,0002,4.62,8,2018-4-28,12:00,8,0
1437,0002,5.21,8,2018-4-28,17:00,8,0
1438,0002,12.12,7,2018-4-28,18:00,7,0
1439,0002,1.41,8,2018-4-29,8:00,8,0
1440,0002,4.16,8,2018-4-29,12:00,8,0
1441,0002,7.66,8,2018-4-29,17:00,8,0
1442,0002,1.45,8,2018-4-30,8:00,8,0
1443,0002,6.34,8,2018-4-30,12:00,8,0
1444,0002,5.44,8,2018-4-30,17:00,8,0
1445,0002,2.50,8,2018-5-1,8:00,8,0
1446,0002,4.12,8,2018-5-1,12:00,8,0
1447,0002,6.61,8,2018-5-1,17:00,8,0
1448,0002,12.12,7,2018-5-1,18:00,7,0
1449,0002,19.99,4,2018-5-1,21:00,4,0
1450,0002,1.56,8,2018-5-2,8:00,8,0
1451,0002,5.57,8,2018-5-2,12:00,8,0
1452,0002,6.10,8,2018-5-2,17:00,8,0
1453,0002,2.24,8,2018-5-3,8:00,8,0
1454,0002,3.43,8,2018-5-3,12:00,8,0
1455,0002,7.56,8,2018-5-3,17:00,8,0
1456,0002,1.65,8,2018-5-4,8:00,8,0
1457,0002,3.79,8,2018-5-4,12:00,8,0
1458,0002,7.79,8,2018-5-4,17:00,8,0
1459,0002,12.12,7,2018-5-4,18:00,7,0
1460,0002,287.35,5,2018-5-5,0:00,5,1
1461,0002,3.22,8,2018-5-5,8:00,8,0
1462,0002,5.19,8,2018-5-5,12:00,8,0
1463,0002,4.82,8,2018-5-5,17:00,8,0
1464,0002,3.06,8,2018-5-6,8:00,8,0
1465,0002,4.30,8,2018-5-6,12:00,8,0
1466,0002,5.87,8,2018-5-6,17:00,8,0
1467,0002,19.99,4,2018-5-6,21:00,4,0
1468,0002,1.51,8,2018-5-7,8:00,8,0
1469,0002,5.25,8,2018-5-7,12:00,8,0
1470,0002,6.47,8,2018-5-7,17:00,8,0
1471,0002,12.12,7,2018-5-7,18:00,7,0
1472,0002,2.40,8,2018-5-8,8:00,8,0
1473,0002,5.29,8,2018-5-8,12:00,8,0
1474,0002,5.54,8,2018-5-8,17:00,8,0
1475,0002,1.51,8,2018-5-9,8:00,8,0
1476,0002,3.28,8,2018-5-9,12:00,8,0
1477,0002,8.44,8,2018-5-9,17:00,8,0
1478,0002,1.95,8,2018-5-10,8:00,8,0
1479,0002,3.85,8,2018-5-10,12:00,8,0
1480,0002,7.43,8,2018-5-10,17:00,8,0
1481,0002,12.12,7,2018-5-10,18:00,7,0
1482,0002,3.66,8,2018-5-11,8:00,8,0
1483,0002,4.27,8,2018-5-11,12:00,8,0
1484,0002,5.30,8,2018-5-11,17:00,8,0
1485,0002,19.99,4,2018-5-11,21:00,4,0
1486,0002,1.57,8,2018-5-12,8:00,8,0
1487,0002,3.36,8,2018-5-12,12:00,8,0
1488,0002,8.30,8,2018-5-12,17:00,8,0
1489,0002,436.25,6,2018-5-13,0:00,6,1
1490,0002,1.44,8,2018-5-13,8:00,8,0
1491,0002,4.78,8,2018-5-13,12:00,8,0
1492,0002,7.01,8,2018-5-13,17:00,8,0
1493,0002,12.12,7,2018-5-13,18:00,7,0
1494,0002,3.10,8,2018-5-14,8:00,8,0
1495,0002,4.75,8,2018-5-14,12:00,8,0
1496,0002,5.38,8,2018-5-14,17:00,8,0
1497,0002,3.22,8,2018-5-15,8:00,8,0
1498,0002,3.18,8,2018-5-15,12:00,8,0
1499,0002,6.83,8,2018-5-15,17:00,8,0
1500,0002,123.20,2,2018-5-15,19:00,2,0
1501,0002,1.50,8,2018-5-16,8:00,8,0
1502,0002,5.18,8,2018-5-16,12:00,8,0
1503,0002,6.55,8,2018-5-16,17:00,8,0
1504,0002,12.12,7,2018-5-16,18:00,7,0
1505,0002,19.99,4,2018-5-16,21:00,4,0
1506,0002,1.64,8,2018-5-17,8:00,8,0
1507,0002,4.55,8,2018-5-17,12:00,8,0
1508,0002,7.04,8,2018-5-17,17:00,8,0
1509,0002,2.98,8,2018-5-18,8:00,8,0
1510,0002,5.06,8,2018-5-18,12:00,8,0
1511,0002,5.19,8,2018-5-18,17:00,8,0
1512,0002,1.82,8,2018-5-19,8:00,8,0
1513,0002,4.98,8,2018-5-19,12:00,8,0
1514,0002,6.43,8,2018-5-19,17:00,8,0
1515,0002,12.12,7,2018-5-19,18:00,7,0
1516,0002,140.35,3,2018-5-20,0:00,3,1
1517,0002,3.45,8,2018-5-20,8:00,8,0
1518,0002,4.85,8,2018-5-20,12:00,8,0
1519,0002,4.93,8,2018-5-20,17:00,8,0
1520,0002,1.35,8,2018-5-21,8:00,8,0
1521,0002,4.02,8,2018-5-21,12:00,8,0
1522,0002,7.86,8,2018-5-21,17:00,8,0
1523,0002,19.99,4,2018-5-21,21:00,4,0
1524,0002,2.24,8,2018-5-22,8:00,8,0
1525,0002,3.12,8,2018-5-22,12:00,8,0
1526,0002,7.87,8,2018-5-22,17:00,8,0
1527,0002,12.12,7,2018-5-22,18:00,7,0
1528,0002,2.29,8,2018-5-23,8:00,8,0
1529,0002,3.60,8,2018-5-23,12:00,8,0
1530,0002,7.34,8,2018-5-23,17:00,8,0
1531,0002,3.12,8,2018-5-24,8:00,8,0
1532,0002,4.46,8,2018-5-24,12:00,8,0
1533,0002,5.65,8,2018-5-24,17:00,8,0
1534,0002,2.45,8,2018-5-25,8:00,8,0
1535,0002,2.57,8,2018-5-25,12:00,8,0
1536,0002,8.21,8,2018-5-25,17:00,8,0
1537,0002,12.12,7,2018-5-25,18:00,7,0
1538,0002,1.35,8,2018-5-26,8:00,8,0
1539,0002,5.61,8,2018-5-26,12:00,8,0
1540,0002,6.27,8,2018-5-26,17:00,8,0
1541,0002,19.99,4,2018-5-26,21:00,4,0
1542,0002,3.26,8,2018-5-27,8:00,8,0
1543,0002,3.11,8,2018-5-27,12:00,8,0
1544,0002,6.86,8,2018-5-27,17:00,8,0
1545,0002,1.07,8,2018-5-28,8:00,8,0
1546,0002,3.31,8,2018-5-28,12:00,8,0
1547,0002,8.85,8,2018-5-28,17:00,8,0
1548,0002,12.12,7,2018-5-28,18:00,7,0
1549,0002,2.89,8,2018-5-29,8:00,8,0
1550,0002,3.65,8,2018-5-29,12:00,8,0
1551,0002,6.69,8,2018-5-29,17:00,8,0
1552,0002,1.42,8,2018-5-30,8:00,8,0
1553,0002,5.00,8,2018-5-30,12:00,8,0
1554,0002,6.81,8,2018-5-30,17:00,8,0
1555,0002,1.98,8,2018-5-31,8:00,8,0
1556,0002,3.00,8,2018-5-31,12:00,8,0
1557,0002,8.25,8,2018-5-31,17:00,8,0
1558,0002,12.12,7,2018-5-31,18:00,7,0
1559,0002,19.99,4,2018-5-31,21:00,4,0
1560,0002,2.35,8,2018-6-1,8:00,8,0
1561,0002,4.16,8,2018-6-1,12:00,8,0
1562,0002,6.72,8,2018-6-1,17:00,8,0
1563,0002,12.12,7,2018-6-1,18:00,7,0
1564,0002,19.99,4,2018-6-1,21:00,4,0
1565,0002,1.94,8,2018-6-2,8:00,8,0
1566,0002,3.84,8,2018-6-2,12:00,8,0
1567,0002,7.45,8,2018-6-2,17:00,8,0
1568,0002,3.56,8,2018-6-3,8:00,8,0
1569,0002,4.13,8,2018-6-3,12:00,8,0
1570,0002,5.54,8,2018-6-3,17:00,8,0
1571,0002,3.68,8,2018-6-4,8:00,8,0
1572,0002,2.94,8,2018-6-4,12:00,8,0
1573,0002,6.61,8,2018-6-4,17:00,8,0
1574,0002,12.12,7,2018-6-4,18:00,7,0
1575,0002,287.35,5,2018-6-5,0:00,5,1
1576,0002,2.44,8,2018-6-5,8:00,8,0
1577,0002,3.82,8,2018-6-5,12:00,8,0
1578,0002,6.97,8,2018-6-5,17:00,8,0
1579,0002,2.99,8,2018-6-6,8:00,8,0
1580,0002,3.59,8,2018-6-6,12:00,8,0
1581,0002,6.65,8,2018-6-6,17:00,8,0
1582,0002,19.99,4,2018-6-6,21:00,4,0
1583,0002,3.15,8,2018-6-7,8:00,8,0
1584,0002,2.68,8,2018-6-7,12:00,8,0
1585,0002,7.40,8,2018-6-7,17:00,8,0
1586,0002,12.12,7,2018-6-7,18:00,7,0
1587,0002,2.89,8,2018-6-8,8:00,8,0
1588,0002,3.03,8,2018-6-8,12:00,8,0
1589,0002,7.31,8,2018-6-8,17:00,8,0
1590,0002,2.37,8,2018-6-9,8:00,8,0
1591,0002,5.27,8,2018-6-9,12:00,8,0
1592,0002,5.59,8,2018-6-9,17:00,8,0
1593,0002,3.33,8,2018-6-10,8:00,8,0
1594,0002,3.24,8,2018-6-10,12:00,8,0
1595,0002,6.66,8,2018-6-10,17:00,8,0
1596,0002,12.12,7,2018-6-10,18:00,7,0
1597,0002,1.84,8,2018-6-11,8:00,8,0
1598,0002,4.80,8,2018-6-11,12:00,8,0
1599,0002,6.59,8,2018-6-11,17:00,8,0
1600,0002,19.99,4,2018-6-11,21:00,4,0
1601,0002,1.92,8,2018-6-12,8:00,8,0
1602,0002,3.89,8,2018-6-12,12:00,8,0
1603,0002,7.42,8,2018-6-12,17:00,8,0
1604,0002,436.25,6,2018-6-13,0:00,6,1
1605,0002,2.44,8,2018-6-13,8:00,8,0
1606,0002,3.56,8,2018-6-13,12:00,8,0
1607,0002,7.23,8,2018-6-13,17:00,8,0
1608,0002,12.12,7,2018-6-13,18:00,7,0
1609,0002,1.24,8,2018-6-14,8:00,8,0
1610,0002,4.63,8,2018-6-14,12:00,8,0
1611,0002,7.36,8,2018-6-14,17:00,8,0
1612,0002,1.27,8,2018-6-15,8:00,8,0
1613,0002,3.41,8,2018-6-15,12:00,8,0
1614,0002,8.55,8,2018-6-15,17:00,8,0
1615,0002,123.20,2,2018-6-15,19:00,2,0
1616,0002,1.56,8,2018-6-16,8:00,8,0
1617,0002,3.52,8,2018-6-16,12:00,8,0
1618,0002,8.15,8,2018-6-16,17:00,8,0
1619,0002,12.12,7,2018-6-16,18:00,7,0
1620,0002,19.99,4,2018-6-16,21:00,4,0
1621,0002,2.01,8,2018-6-17,8:00,8,0
1622,0002,4.52,8,2018-6-17,12:00,8,0
1623,0002,6.70,8,2018-6-17,17:00,8,0
1624,0002,2.32,8,2018-6-18,8:00,8,0
1625,0002,3.93,8,2018-6-18,12:00,8,0
1626,0002,6.98,8,2018-6-18,17:00,8,0
1627,0002,2.32,8,2018-6-19,8:00,8,0
1628,0002,4.08,8,2018-6-19,12:00,8,0
1629,0002,6.83,8,2018-6-19,17:00,8,0
1630,0002,12.12,7,2018-6-19,18:00,7,0
1631,0002,140.35,3,2018-6-20,0:00,3,1
1632,0002,1.81,8,2018-6-20,8:00,8,0
1633,0002,5.25,8,2018-6-20,12:00,8,0
1634,0002,6.17,8,2018-6-20,17:00,8,0
1635,0002,2.03,8,2018-6-21,8:00,8,0
1636,0002,5.07,8,2018-6-21,12:00,8,0
1637,0002,6.13,8,2018-6-21,17:00,8,0
1638,0002,19.99,4,2018-6-21,21:00,4,0
1639,0002,2.99,8,2018-6-22,8:00,8,0
1640,0002,3.34,8,2018-6-22,12:00,8,0
1641,0002,6.90,8,2018-6-22,17:00,8,0
1642,0002,12.12,7,2018-6-22,18:00,7,0
1643,0002,2.66,8,2018-6-23,8:00,8,0
1644,0002,4.40,8,2018-6-23,12:00,8,0
1645,0002,6.17,8,2018-6-23,17:00,8,0
1646,0002,3.67,8,2018-6-24,8:00,8,0
1647,0002,2.83,8,2018-6-24,12:00,8,0
1648,0002,6.73,8,2018-6-24,17:00,8,0
1649,0002,2.71,8,2018-6-25,8:00,8,0
1650,0002,4.81,8,2018-6-25,12:00,8,0
1651,0002,5.71,8,2018-6-25,17:00,8,0
1652,0002,12.12,7,2018-6-25,18:00,7,0
1653,0002,2.71,8,2018-6-26,8:00,8,0
1654,0002,5.49,8,2018-6-26,12:00,8,0
1655,0002,5.03,8,2018-6-26,17:00,8,0
1656,0002,19.99,4,2018-6-26,21:00,4,0
1657,0002,2.23,8,2018-6-27,8:00,8,0
1658,0002,4.01,8,2018-6-27,12:00,8,0
1659,0002,6.99,8,2018-6-27,17:00,8,0
1660,0002,2.59,8,2018-6-28,8:00,8,0
1661,0002,4.39,8,2018-6-28,12:00,8,0
1662,0002,6.25,8,2018-6-28,17:00,8,0
1663,0002,12.12,7,2018-6-28,18:00,7,0
1664,0002,1.27,8,2018-6-29,8:00,8,0
1665,0002,3.46,8,2018-6-29,12:00,8,0
1666,0002,8.50,8,2018-6-29,17:00,8,0
1667,0002,2.83,8,2018-6-30,8:00,8,0
1668,0002,3.49,8,2018-6-30,12:00,8,0
1669,0002,6.91,8,2018-6-30,17:00,8,0
1670,0002,1462.267,1,2018-7-1,0:00,1,1
1671,0002,3.41,8,2018-7-1,8:00,8,0
1672,0002,4.02,8,2018-7-1,12:00,8,0
1673,0002,5.80,8,2018-7-1,17:00,8,0
1674,0002,12.12,7,2018-7-1,18:00,7,0
1675,0002,19.99,4,2018-7-1,21:00,4,0
1676,0002,3.24,8,2018-7-2,8:00,8,0
1677,0002,3.07,8,2018-7-2,12:00,8,0
1678,0002,6.92,8,2018-7-2,17:00,8,0
1679,0002,1.80,8,2018-7-3,8:00,8,0
1680,0002,4.01,8,2018-7-3,12:00,8,0
1681,0002,7.42,8,2018-7-3,17:00,8,0
1682,0002,1.68,8,2018-7-4,8:00,8,0
1683,0002,4.23,8,2018-7-4,12:00,8,0
1684,0002,7.32,8,2018-7-4,17:00,8,0
1685,0002,12.12,7,2018-7-4,18:00,7,0
1686,0002,287.35,5,2018-7-5,0:00,5,1
1687,0002,1.69,8,2018-7-5,8:00,8,0
1688,0002,3.60,8,2018-7-5,12:00,8,0
1689,0002,7.94,8,2018-7-5,17:00,8,0
1690,0002,1.04,8,2018-7-6,8:00,8,0
1691,0002,5.56,8,2018-7-6,12:00,8,0
1692,0002,6.63,8,2018-7-6,17:00,8,0
1693,0002,19.99,4,2018-7-6,21:00,4,0
1694,0002,2.01,8,2018-7-7,8:00,8,0
1695,0002,3.06,8,2018-7-7,12:00,8,0
1696,0002,8.16,8,2018-7-7,17:00,8,0
1697,0002,12.12,7,2018-7-7,18:00,7,0
1698,0002,1.54,8,2018-7-8,8:00,8,0
1699,0002,4.46,8,2018-7-8,12:00,8,0
1700,0002,7.23,8,2018-7-8,17:00,8,0
1701,0002,3.20,8,2018-7-9,8:00,8,0
1702,0002,4.72,8,2018-7-9,12:00,8,0
1703,0002,5.31,8,2018-7-9,17:00,8,0
1704,0002,1.35,8,2018-7-10,8:00,8,0
1705,0002,4.99,8,2018-7-10,12:00,8,0
1706,0002,6.89,8,2018-7-10,17:00,8,0
1707,0002,12.12,7,2018-7-10,18:00,7,0
1708,0002,2.93,8,2018-7-11,8:00,8,0
1709,0002,4.74,8,2018-7-11,12:00,8,0
1710,0002,5.56,8,2018-7-11,17:00,8,0
1711,0002,19.99,4,2018-7-11,21:00,4,0
1712,0002,1.90,8,2018-7-12,8:00,8,0
1713,0002,4.12,8,2018-7-12,12:00,8,0
1714,0002,7.21,8,2018-7-12,17:00,8,0
1715,0002,436.25,6,2018-7-13,0:00,6,1
1716,0002,2.07,8,2018-7-13,8:00,8,0
1717,0002,4.31,8,2018-7-13,12:00,8,0
1718,0002,6.85,8,2018-7-13,17:00,8,0
1719,0002,12.12,7,2018-7-13,18:00,7,0
1720,0002,1.82,8,2018-7-14,8:00,8,0
1721,0002,4.16,8,2018-7-14,12:00,8,0
1722,0002,7.25,8,2018-7-14,17:00,8,0
1723,0002,2.70,8,2018-7-15,8:00,8,0
1724,0002,3.06,8,2018-7-15,12:00,8,0
1725,0002,7.47,8,2018-7-15,17:00,8,0
1726,0002,123.20,2,2018-7-15,19:00,2,0
1727,0002,2.81,8,2018-7-16,8:00,8,0
1728,0002,4.54,8,2018-7-16,12:00,8,0
1729,0002,5.88,8,2018-7-16,17:00,8,0
1730,0002,12.12,7,2018-7-16,18:00,7,0
1731,0002,19.99,4,2018-7-16,21:00,4,0
1732,0002,2.21,8,2018-7-17,8:00,8,0
1733,0002,4.58,8,2018-7-17,12:00,8,0
1734,0002,6.44,8,2018-7-17,17:00,8,0
1735,0002,2.29,8,2018-7-18,8:00,8,0
1736,0002,4.45,8,2018-7-18,12:00,8,0
1737,0002,6.49,8,2018-7-18,17:00,8,0
1738,0002,1.89,8,2018-7-19,8:00,8,0
1739,0002,5.15,8,2018-7-19,12:00,8,0
1740,0002,6.19,8,2018-7-19,17:00,8,0
1741,0002,12.12,7,2018-7-19,18:00,7,0
1742,0002,140.35,3,2018-7-20,0:00,3,1
1743,0002,2.76,8,2018-7-20,8:00,8,0
1744,0002,4.45,8,2018-7-20,12:00,8,0
1745,0002,6.02,8,2018-7-20,17:00,8,0
1746,0002,1.20,8,2018-7-21,8:00,8,0
1747,0002,3.70,8,2018-7-21,12:00,8,0
1748,0002,8.33,8,2018-7-21,17:00,8,0
1749,0002,19.99,4,2018-7-21,21:00,4,0
1750,0002,1.51,8,2018-7-22,8:00,8,0
1751,0002,2.86,8,2018-7-22,12:00,8,0
1752,0002,8.86,8,2018-7-22,17:00,8,0
1753,0002,12.12,7,2018-7-22,18:00,7,0
1754,0002,3.28,8,2018-7-23,8:00,8,0
1755,0002,2.83,8,2018-7-23,12:00,8,0
1756,0002,7.12,8,2018-7-23,17:00,8,0
1757,0002,2.58,8,2018-7-24,8:00,8,0
1758,0002,2.86,8,2018-7-24,12:00,8,0
1759,0002,7.79,8,2018-7-24,17:00,8,0
1760,0002,3.89,8,2018-7-25,8:00,8,0
1761,0002,3.47,8,2018-7-25,12:00,8,0
1762,0002,5.87,8,2018-7-25,17:00,8,0
1763,0002,12.12,7,2018-7-25,18:00,7,0
1764,0002,1.59,8,2018-7-26,8:00,8,0
1765,0002,4.73,8,2018-7-26,12:00,8,0
1766,0002,6.91,8,2018-7-26,17:00,8,0
1767,0002,19.99,4,2018-7-26,21:00,4,0
1768,0002,3.46,8,2018-7-27,8:00,8,0
1769,0002,4.69,8,2018-7-27,12:00,8,0
1770,0002,5.08,8,2018-7-27,17:00,8,0
1771,0002,2.59,8,2018-7-28,8:00,8,0
1772,0002,3.05,8,2018-7-28,12:00,8,0
1773,0002,7.59,8,2018-7-28,17:00,8,0
1774,0002,12.12,7,2018-7-28,18:00,7,0
1775,0002,2.75,8,2018-7-29,8:00,8,0
1776,0002,2.59,8,2018-7-29,12:00,8,0
1777,0002,7.89,8,2018-7-29,17:00,8,0
1778,0002,1.81,8,2018-7-30,8:00,8,0
1779,0002,5.20,8,2018-7-30,12:00,8,0
1780,0002,6.22,8,2018-7-30,17:00,8,0
1781,0002,1.51,8,2018-7-31,8:00,8,0
1782,0002,2.88,8,2018-7-31,12:00,8,0
1783,0002,8.84,8,2018-7-31,17:00,8,0
1784,0002,12.12,7,2018-7-31,18:00,7,0
1785,0002,19.99,4,2018-7-31,21:00,4,0
1786,0002,2.70,8,2018-8-1,8:00,8,0
1787,0002,4.99,8,2018-8-1,12:00,8,0
1788,0002,5.54,8,2018-8-1,17:00,8,0
1789,0002,12.12,7,2018-8-1,18:00,7,0
1790,0002,19.99,4,2018-8-1,21:00,4,0
1791,0002,2.60,8,2018-8-2,8:00,8,0
1792,0002,3.77,8,2018-8-2,12:00,8,0
1793,0002,6.86,8,2018-8-2,17:00,8,0
1794,0002,1.73,8,2018-8-3,8:00,8,0
1795,0002,4.30,8,2018-8-3,12:00,8,0
1796,0002,7.20,8,2018-8-3,17:00,8,0
1797,0002,2.51,8,2018-8-4,8:00,8,0
1798,0002,3.18,8,2018-8-4,12:00,8,0
1799,0002,7.54,8,2018-8-4,17:00,8,0
1800,0002,12.12,7,2018-8-4,18:00,7,0
1801,0002,287.35,5,2018-8-5,0:00,5,1
1802,0002,2.28,8,2018-8-5,8:00,8,0
1803,0002,5.65,8,2018-8-5,12:00,8,0
1804,0002,5.30,8,2018-8-5,17:00,8,0
1805,0002,3.28,8,2018-8-6,8:00,8,0
1806,0002,2.98,8,2018-8-6,12:00,8,0
1807,0002,6.97,8,2018-8-6,17:00,8,0
1808,0002,19.99,4,2018-8-6,21:00,4,0
1809,0002,1.99,8,2018-8-7,8:00,8,0
1810,0002,5.05,8,2018-8-7,12:00,8,0
1811,0002,6.19,8,2018-8-7,17:00,8,0
1812,0002,12.12,7,2018-8-7,18:00,7,0
1813,0002,2.80,8,2018-8-8,8:00,8,0
1814,0002,5.35,8,2018-8-8,12:00,8,0
1815,0002,5.08,8,2018-8-8,17:00,8,0
1816,0002,1.53,8,2018-8-9,8:00,8,0
1817,0002,5.30,8,2018-8-9,12:00,8,0
1818,0002,6.40,8,2018-8-9,17:00,8,0
1819,0002,1.27,8,2018-8-10,8:00,8,0
1820,0002,5.99,8,2018-8-10,12:00,8,0
1821,0002,5.97,8,2018-8-10,17:00,8,0
1822,0002,12.12,7,2018-8-10,18:00,7,0
1823,0002,2.66,8,2018-8-11,8:00,8,0
1824,0002,4.27,8,2018-8-11,12:00,8,0
1825,0002,6.30,8,2018-8-11,17:00,8,0
1826,0002,19.99,4,2018-8-11,21:00,4,0
1827,0002,1.45,8,2018-8-12,8:00,8,0
1828,0002,5.56,8,2018-8-12,12:00,8,0
1829,0002,6.22,8,2018-8-12,17:00,8,0
1830,0002,436.25,6,2018-8-13,0:00,6,1
1831,0002,2.40,8,2018-8-13,8:00,8,0
1832,0002,3.63,8,2018-8-13,12:00,8,0
1833,0002,7.20,8,2018-8-13,17:00,8,0
1834,0002,12.12,7,2018-8-13,18:00,7,0
1835,0002,1.63,8,2018-8-14,8:00,8,0
1836,0002,5.58,8,2018-8-14,12:00,8,0
1837,0002,6.02,8,2018-8-14,17:00,8,0
1838,0002,3.58,8,2018-8-15,8:00,8,0
1839,0002,4.29,8,2018-8-15,12:00,8,0
1840,0002,5.36,8,2018-8-15,17:00,8,0
1841,0002,123.20,2,2018-8-15,19:00,2,0
1842,0002,3.58,8,2018-8-16,8:00,8,0
1843,0002,4.02,8,2018-8-16,12:00,8,0
1844,0002,5.63,8,2018-8-16,17:00,8,0
1845,0002,12.12,7,2018-8-16,18:00,7,0
1846,0002,19.99,4,2018-8-16,21:00,4,0
1847,0002,2.94,8,2018-8-17,8:00,8,0
1848,0002,3.80,8,2018-8-17,12:00,8,0
1849,0002,6.49,8,2018-8-17,17:00,8,0
1850,0002,2.22,8,2018-8-18,8:00,8,0
1851,0002,4.12,8,2018-8-18,12:00,8,0
1852,0002,6.89,8,2018-8-18,17:00,8,0
1853,0002,2.68,8,2018-8-19,8:00,8,0
1854,0002,4.39,8,2018-8-19,12:00,8,0
1855,0002,6.16,8,2018-8-19,17:00,8,0
1856,0002,12.12,7,2018-8-19,18:00,7,0
1857,0002,140.35,3,2018-8-20,0:00,3,1
1858,0002,2.56,8,2018-8-20,8:00,8,0
1859,0002,3.55,8,2018-8-20,12:00,8,0
1860,0002,7.12,8,2018-8-20,17:00,8,0
1861,0002,2.47,8,2018-8-21,8:00,8,0
1862,0002,4.06,8,2018-8-21,12:00,8,0
1863,0002,6.70,8,2018-8-21,17:00,8,0
1864,0002,19.99,4,2018-8-21,21:00,4,0
1865,0002,1.35,8,2018-8-22,8:00,8,0
1866,0002,5.97,8,2018-8-22,12:00,8,0
1867,0002,5.91,8,2018-8-22,17:00,8,0
1868,0002,12.12,7,2018-8-22,18:00,7,0
1869,0002,3.41,8,2018-8-23,8:00,8,0
1870,0002,3.82,8,2018-8-23,12:00,8,0
1871,0002,6.00,8,2018-8-23,17:00,8,0
1872,0002,3.20,8,2018-8-24,8:00,8,0
1873,0002,3.10,8,2018-8-24,12:00,8,0
1874,0002,6.93,8,2018-8-24,17:00,8,0
1875,0002,2.95,8,2018-8-25,8:00,8,0
1876,0002,3.46,8,2018-8-25,12:00,8,0
1877,0002,6.82,8,2018-8-25,17:00,8,0
1878,0002,12.12,7,2018-8-25,18:00,7,0
1879,0002,1.91,8,2018-8-26,8:00,8,0
1880,0002,4.04,8,2018-8-26,12:00,8,0
1881,0002,7.28,8,2018-8-26,17:00,8,0
1882,0002,19.99,4,2018-8-26,21:00,4,0
1883,0002,2.02,8,2018-8-27,8:00,8,0
1884,0002,5.40,8,2018-8-27,12:00,8,0
1885,0002,5.81,8,2018-8-27,17:00,8,0
1886,0002,3.04,8,2018-8-28,8:00,8,0
1887,0002,3.58,8,2018-8-28,12:00,8,0
1888,0002,6.61,8,2018-8-28,17:00,8,0
1889,0002,12.12,7,2018-8-28,18:00,7,0
1890,0002,3.50,8,2018-8-29,8:00,8,0
1891,0002,2.68,8,2018-8-29,12:00,8,0
1892,0002,7.05,8,2018-8-29,17:00,8,0
1893,0002,1.99,8,2018-8-30,8:00,8,0
1894,0002,6.27,8,2018-8-30,12:00,8,0
1895,0002,4.97,8,2018-8-30,17:00,8,0
1896,0002,3.81,8,2018-8-31,8:00,8,0
1897,0002,3.65,8,2018-8-31,12:00,8,0
1898,0002,5.77,8,2018-8-31,17:00,8,0
1899,0002,12.12,7,2018-8-31,18:00,7,0
1900,0002,19.99,4,2018-8-31,21:00,4,0
1901,0002,1.65,8,2018-9-1,8:00,8,0
1902,0002,4.19,8,2018-9-1,12:00,8,0
1903,0002,7.39,8,2018-9-1,17:00,8,0
1904,0002,12.12,7,2018-9-1,18:00,7,0
1905,0002,19.99,4,2018-9-1,21:00,4,0
1906,0002,11225.20,0,2018-9-2,0:00,0,1
1907,0002,2.06,8,2018-9-2,8:00,8,0
1908,0002,4.11,8,2018-9-2,12:00,8,0
1909,0002,7.06,8,2018-9-2,17:00,8,0
1910,0002,3.71,8,2018-9-3,8:00,8,0
1911,0002,4.39,8,2018-9-3,12:00,8,0
1912,0002,5.13,8,2018-9-3,17:00,8,0
1913,0002,2.13,8,2018-9-4,8:00,8,0
1914,0002,3.14,8,2018-9-4,12:00,8,0
1915,0002,7.96,8,2018-9-4,17:00,8,0
1916,0002,12.12,7,2018-9-4,18:00,7,0
1917,0002,287.35,5,2018-9-5,0:00,5,1
1918,0002,3.57,8,2018-9-5,8:00,8,0
1919,0002,3.44,8,2018-9-5,12:00,8,0
1920,0002,6.22,8,2018-9-5,17:00,8,0
1921,0002,2.17,8,2018-9-6,8:00,8,0
1922,0002,4.14,8,2018-9-6,12:00,8,0
1923,0002,6.92,8,2018-9-6,17:00,8,0
1924,0002,19.99,4,2018-9-6,21:00,4,0
1925,0002,3.09,8,2018-9-7,8:00,8,0
1926,0002,3.71,8,2018-9-7,12:00,8,0
1927,0002,6.43,8,2018-9-7,17:00,8,0
1928,0002,12.12,7,2018-9-7,18:00,7,0
1929,0002,2.46,8,2018-9-8,8:00,8,0
1930,0002,4.42,8,2018-9-8,12:00,8,0
1931,0002,6.35,8,2018-9-8,17:00,8,0
1932,0002,2.70,8,2018-9-9,8:00,8,0
1933,0002,5.05,8,2018-9-9,12:00,8,0
1934,0002,5.48,8,2018-9-9,17:00,8,0
1935,0002,3.11,8,2018-9-10,8:00,8,0
1936,0002,3.93,8,2018-9-10,12:00,8,0
1937,0002,6.19,8,2018-9-10,17:00,8,0
1938,0002,12.12,7,2018-9-10,18:00,7,0
1939,0002,1.36,8,2018-9-11,8:00,8,0
1940,0002,5.02,8,2018-9-11,12:00,8,0
1941,0002,6.85,8,2018-9-11,17:00,8,0
1942,0002,19.99,4,2018-9-11,21:00,4,0
1943,0002,1.93,8,2018-9-12,8:00,8,0
1944,0002,5.25,8,2018-9-12,12:00,8,0
1945,0002,6.05,8,2018-9-12,17:00,8,0
1946,0002,436.25,6,2018-9-13,0:00,6,1
1947,0002,1.99,8,2018-9-13,8:00,8,0
1948,0002,5.42,8,2018-9-13,12:00,8,0
1949,0002,5.82,8,2018-9-13,17:00,8,0
1950,0002,12.12,7,2018-9-13,18:00,7,0
1951,0002,1.92,8,2018-9-14,8:00,8,0
1952,0002,5.31,8,2018-9-14,12:00,8,0
1953,0002,6.00,8,2018-9-14,17:00,8,0
1954,0002,1.26,8,2018-9-15,8:00,8,0
1955,0002,4.26,8,2018-9-15,12:00,8,0
1956,0002,7.71,8,2018-9-15,17:00,8,0
1957,0002,123.20,2,2018-9-15,19:00,2,0
1958,0002,2.65,8,2018-9-16,8:00,8,0
1959,0002,3.32,8,2018-9-16,12:00,8,0
1960,0002,7.26,8,2018-9-16,17:00,8,0
1961,0002,12.12,7,2018-9-16,18:00,7,0
1962,0002,19.99,4,2018-9-16,21:00,4,0
1963,0002,1.73,8,2018-9-17,8:00,8,0
1964,0002,5.74,8,2018-9-17,12:00,8,0
1965,0002,5.76,8,2018-9-17,17:00,8,0
1966,0002,3.50,8,2018-9-18,8:00,8,0
1967,0002,3.01,8,2018-9-18,12:00,8,0
1968,0002,6.72,8,2018-9-18,17:00,8,0
1969,0002,2.87,8,2018-9-19,8:00,8,0
1970,0002,4.74,8,2018-9-19,12:00,8,0
1971,0002,5.62,8,2018-9-19,17:00,8,0
1972,0002,12.12,7,2018-9-19,18:00,7,0
1973,0002,140.35,3,2018-9-20,0:00,3,1
1974,0002,3.45,8,2018-9-20,8:00,8,0
1975,0002,2.81,8,2018-9-20,12:00,8,0
1976,0002,6.97,8,2018-9-20,17:00,8,0
1977,0002,1.34,8,2018-9-21,8:00,8,0
1978,0002,4.53,8,2018-9-21,12:00,8,0
1979,0002,7.36,8,2018-9-21,17:00,8,0
1980,0002,19.99,4,2018-9-21,21:00,4,0
1981,0002,3.04,8,2018-9-22,8:00,8,0
1982,0002,5.01,8,2018-9-22,12:00,8,0
1983,0002,5.18,8,2018-9-22,17:00,8,0
1984,0002,12.12,7,2018-9-22,18:00,7,0
1985,0002,3.41,8,2018-9-23,8:00,8,0
1986,0002,4.28,8,2018-9-23,12:00,8,0
1987,0002,5.54,8,2018-9-23,17:00,8,0
1988,0002,3.50,8,2018-9-24,8:00,8,0
1989,0002,2.68,8,2018-9-24,12:00,8,0
1990,0002,7.05,8,2018-9-24,17:00,8,0
1991,0002,3.39,8,2018-9-25,8:00,8,0
1992,0002,2.72,8,2018-9-25,12:00,8,0
1993,0002,7.12,8,2018-9-25,17:00,8,0
1994,0002,12.12,7,2018-9-25,18:00,7,0
1995,0002,3.02,8,2018-9-26,8:00,8,0
1996,0002,3.34,8,2018-9-26,12:00,8,0
1997,0002,6.87,8,2018-9-26,17:00,8,0
1998,0002,19.99,4,2018-9-26,21:00,4,0
1999,0002,3.59,8,2018-9-27,8:00,8,0
2000,0002,3.69,8,2018-9-27,12:00,8,0
2001,0002,5.95,8,2018-9-27,17:00,8,0
2002,0002,2.07,8,2018-9-28,8:00,8,0
2003,0002,3.45,8,2018-9-28,12:00,8,0
2004,0002,7.71,8,2018-9-28,17:00,8,0
2005,0002,12.12,7,2018-9-28,18:00,7,0
2006,0002,2.98,8,2018-9-29,8:00,8,0
2007,0002,5.20,8,2018-9-29,12:00,8,0
2008,0002,5.05,8,2018-9-29,17:00,8,0
2009,0002,3.55,8,2018-9-30,8:00,8,0
2010,0002,4.16,8,2018-9-30,12:00,8,0
2011,0002,5.52,8,2018-9-30,17:00,8,0
2012,0002,1.41,8,2018-10-1,8:00,8,0
2013,0002,5.30,8,2018-10-1,12:00,8,0
2014,0002,6.52,8,2018-10-1,17:00,8,0
2015,0002,12.12,7,2018-10-1,18:00,7,0
2016,0002,19.99,4,2018-10-1,21:00,4,0
2017,0002,1.66,8,2018-10-2,8:00,8,0
2018,0002,5.16,8,2018-10-2,12:00,8,0
2019,0002,6.41,8,2018-10-2,17:00,8,0
2020,0002,2.64,8,2018-10-3,8:00,8,0
2021,0002,2.69,8,2018-10-3,12:00,8,0
2022,0002,7.90,8,2018-10-3,17:00,8,0
2023,0002,2.18,8,2018-10-4,8:00,8,0
2024,0002,3.53,8,2018-10-4,12:00,8,0
2025,0002,7.52,8,2018-10-4,17:00,8,0
2026,0002,12.12,7,2018-10-4,18:00,7,0
2027,0002,287.35,5,2018-10-5,0:00,5,1
2028,0002,1.76,8,2018-10-5,8:00,8,0
2029,0002,3.98,8,2018-10-5,12:00,8,0
2030,0002,7.49,8,2018-10-5,17:00,8,0
2031,0002,2.76,8,2018-10-6,8:00,8,0
2032,0002,4.18,8,2018-10-6,12:00,8,0
2033,0002,6.29,8,2018-10-6,17:00,8,0
2034,0002,19.99,4,2018-10-6,21:00,4,0
2035,0002,1.96,8,2018-10-7,8:00,8,0
2036,0002,4.47,8,2018-10-7,12:00,8,0
2037,0002,6.80,8,2018-10-7,17:00,8,0
2038,0002,12.12,7,2018-10-7,18:00,7,0
2039,0002,1.67,8,2018-10-8,8:00,8,0
2040,0002,6.22,8,2018-10-8,12:00,8,0
2041,0002,5.34,8,2018-10-8,17:00,8,0
2042,0002,1.90,8,2018-10-9,8:00,8,0
2043,0002,4.09,8,2018-10-9,12:00,8,0
2044,0002,7.24,8,2018-10-9,17:00,8,0
2045,0002,2.87,8,2018-10-10,8:00,8,0
2046,0002,3.99,8,2018-10-10,12:00,8,0
2047,0002,6.37,8,2018-10-10,17:00,8,0
2048,0002,12.12,7,2018-10-10,18:00,7,0
2049,0002,2.78,8,2018-10-11,8:00,8,0
2050,0002,2.98,8,2018-10-11,12:00,8,0
2051,0002,7.47,8,2018-10-11,17:00,8,0
2052,0002,19.99,4,2018-10-11,21:00,4,0
2053,0002,2.96,8,2018-10-12,8:00,8,0
2054,0002,5.14,8,2018-10-12,12:00,8,0
2055,0002,5.13,8,2018-10-12,17:00,8,0
2056,0002,436.25,6,2018-10-13,0:00,6,1
2057,0002,3.04,8,2018-10-13,8:00,8,0
2058,0002,4.70,8,2018-10-13,12:00,8,0
2059,0002,5.49,8,2018-10-13,17:00,8,0
2060,0002,12.12,7,2018-10-13,18:00,7,0
2061,0002,3.21,8,2018-10-14,8:00,8,0
2062,0002,4.23,8,2018-10-14,12:00,8,0
2063,0002,5.79,8,2018-10-14,17:00,8,0
2064,0002,3.50,8,2018-10-15,8:00,8,0
2065,0002,3.79,8,2018-10-15,12:00,8,0
2066,0002,5.94,8,2018-10-15,17:00,8,0
2067,0002,123.20,2,2018-10-15,19:00,2,0
2068,0002,1.42,8,2018-10-16,8:00,8,0
2069,0002,5.56,8,2018-10-16,12:00,8,0
2070,0002,6.25,8,2018-10-16,17:00,8,0
2071,0002,12.12,7,2018-10-16,18:00,7,0
2072,0002,19.99,4,2018-10-16,21:00,4,0
2073,0002,3.10,8,2018-10-17,8:00,8,0
2074,0002,4.01,8,2018-10-17,12:00,8,0
2075,0002,6.12,8,2018-10-17,17:00,8,0
2076,0002,3.50,8,2018-10-18,8:00,8,0
2077,0002,3.44,8,2018-10-18,12:00,8,0
2078,0002,6.29,8,2018-10-18,17:00,8,0
2079,0002,2.11,8,2018-10-19,8:00,8,0
2080,0002,3.40,8,2018-10-19,12:00,8,0
2081,0002,7.72,8,2018-10-19,17:00,8,0
2082,0002,12.12,7,2018-10-19,18:00,7,0
2083,0002,140.35,3,2018-10-20,0:00,3,1
2084,0002,2.59,8,2018-10-20,8:00,8,0
2085,0002,3.64,8,2018-10-20,12:00,8,0
2086,0002,7.00,8,2018-10-20,17:00,8,0
2087,0002,3.20,8,2018-10-21,8:00,8,0
2088,0002,3.71,8,2018-10-21,12:00,8,0
2089,0002,6.32,8,2018-10-21,17:00,8,0
2090,0002,19.99,4,2018-10-21,21:00,4,0
2091,0002,2.20,8,2018-10-22,8:00,8,0
2092,0002,3.94,8,2018-10-22,12:00,8,0
2093,0002,7.09,8,2018-10-22,17:00,8,0
2094,0002,12.12,7,2018-10-22,18:00,7,0
2095,0002,3.51,8,2018-10-23,8:00,8,0
2096,0002,3.16,8,2018-10-23,12:00,8,0
2097,0002,6.56,8,2018-10-23,17:00,8,0
2098,0002,1.38,8,2018-10-24,8:00,8,0
2099,0002,5.42,8,2018-10-24,12:00,8,0
2100,0002,6.43,8,2018-10-24,17:00,8,0
2101,0002,1.10,8,2018-10-25,8:00,8,0
2102,0002,4.76,8,2018-10-25,12:00,8,0
2103,0002,7.37,8,2018-10-25,17:00,8,0
2104,0002,12.12,7,2018-10-25,18:00,7,0
2105,0002,1.13,8,2018-10-26,8:00,8,0
2106,0002,6.54,8,2018-10-26,12:00,8,0
2107,0002,5.56,8,2018-10-26,17:00,8,0
2108,0002,19.99,4,2018-10-26,21:00,4,0
2109,0002,2.28,8,2018-10-27,8:00,8,0
2110,0002,4.26,8,2018-10-27,12:00,8,0
2111,0002,6.69,8,2018-10-27,17:00,8,0
2112,0002,2.68,8,2018-10-28,8:00,8,0
2113,0002,3.60,8,2018-10-28,12:00,8,0
2114,0002,6.95,8,2018-10-28,17:00,8,0
2115,0002,12.12,7,2018-10-28,18:00,7,0
2116,0002,2.33,8,2018-10-29,8:00,8,0
2117,0002,3.72,8,2018-10-29,12:00,8,0
2118,0002,7.18,8,2018-10-29,17:00,8,0
2119,0002,1.86,8,2018-10-30,8:00,8,0
2120,0002,3.59,8,2018-10-30,12:00,8,0
2121,0002,7.78,8,2018-10-30,17:00,8,0
2122,0002,2.55,8,2018-10-31,8:00,8,0
2123,0002,3.76,8,2018-10-31,12:00,8,0
2124,0002,6.92,8,2018-10-31,17:00,8,0
2125,0002,12.12,7,2018-10-31,18:00,7,0
2126,0002,19.99,4,2018-10-31,21:00,4,0
2127,0002,1.92,8,2018-11-1,8:00,8,0
2128,0002,3.04,8,2018-11-1,12:00,8,0
2129,0002,8.27,8,2018-11-1,17:00,8,0
2130,0002,12.12,7,2018-11-1,18:00,7,0
2131,0002,19.99,4,2018-11-1,21:00,4,0
2132,0002,2.73,8,2018-11-2,8:00,8,0
2133,0002,4.75,8,2018-11-2,12:00,8,0
2134,0002,5.75,8,2018-11-2,17:00,8,0
2135,0002,2.14,8,2018-11-3,8:00,8,0
2136,0002,3.94,8,2018-11-3,12:00,8,0
2137,0002,7.15,8,2018-11-3,17:00,8,0
2138,0002,1.71,8,2018-11-4,8:00,8,0
2139,0002,4.45,8,2018-11-4,12:00,8,0
2140,0002,7.07,8,2018-11-4,17:00,8,0
2141,0002,12.12,7,2018-11-4,18:00,7,0
2142,0002,287.35,5,2018-11-5,0:00,5,1
2143,0002,2.94,8,2018-11-5,8:00,8,0
2144,0002,3.06,8,2018-11-5,12:00,8,0
2145,0002,7.23,8,2018-11-5,17:00,8,0
2146,0002,2.26,8,2018-11-6,8:00,8,0
2147,0002,2.95,8,2018-11-6,12:00,8,0
2148,0002,8.02,8,2018-11-6,17:00,8,0
2149,0002,19.99,4,2018-11-6,21:00,4,0
2150,0002,2.07,8,2018-11-7,8:00,8,0
2151,0002,5.08,8,2018-11-7,12:00,8,0
2152,0002,6.08,8,2018-11-7,17:00,8,0
2153,0002,12.12,7,2018-11-7,18:00,7,0
2154,0002,2.14,8,2018-11-8,8:00,8,0
2155,0002,3.65,8,2018-11-8,12:00,8,0
2156,0002,7.44,8,2018-11-8,17:00,8,0
2157,0002,3.17,8,2018-11-9,8:00,8,0
2158,0002,3.38,8,2018-11-9,12:00,8,0
2159,0002,6.68,8,2018-11-9,17:00,8,0
2160,0002,1.87,8,2018-11-10,8:00,8,0
2161,0002,3.37,8,2018-11-10,12:00,8,0
2162,0002,7.99,8,2018-11-10,17:00,8,0
2163,0002,12.12,7,2018-11-10,18:00,7,0
2164,0002,2.60,8,2018-11-11,8:00,8,0
2165,0002,5.64,8,2018-11-11,12:00,8,0
2166,0002,4.99,8,2018-11-11,17:00,8,0
2167,0002,19.99,4,2018-11-11,21:00,4,0
2168,0002,2.71,8,2018-11-12,8:00,8,0
2169,0002,2.88,8,2018-11-12,12:00,8,0
2170,0002,7.64,8,2018-11-12,17:00,8,0
2171,0002,436.25,6,2018-11-13,0:00,6,1
2172,0002,3.26,8,2018-11-13,8:00,8,0
2173,0002,3.72,8,2018-11-13,12:00,8,0
2174,0002,6.25,8,2018-11-13,17:00,8,0
2175,0002,12.12,7,2018-11-13,18:00,7,0
2176,0002,2.17,8,2018-11-14,8:00,8,0
2177,0002,5.44,8,2018-11-14,12:00,8,0
2178,0002,5.62,8,2018-11-14,17:00,8,0
2179,0002,1.72,8,2018-11-15,8:00,8,0
2180,0002,6.05,8,2018-11-15,12:00,8,0
2181,0002,5.46,8,2018-11-15,17:00,8,0
2182,0002,123.20,2,2018-11-15,19:00,2,0
2183,0002,2.37,8,2018-11-16,8:00,8,0
2184,0002,2.83,8,2018-11-16,12:00,8,0
2185,0002,8.03,8,2018-11-16,17:00,8,0
2186,0002,12.12,7,2018-11-16,18:00,7,0
2187,0002,19.99,4,2018-11-16,21:00,4,0
2188,0002,1.50,8,2018-11-17,8:00,8,0
2189,0002,3.28,8,2018-11-17,12:00,8,0
2190,0002,8.45,8,2018-11-17,17:00,8,0
2191,0002,3.34,8,2018-11-18,8:00,8,0
2192,0002,4.04,8,2018-11-18,12:00,8,0
2193,0002,5.85,8,2018-11-18,17:00,8,0
2194,0002,1.88,8,2018-11-19,8:00,8,0
2195,0002,3.90,8,2018-11-19,12:00,8,0
2196,0002,7.45,8,2018-11-19,17:00,8,0
2197,0002,12.12,7,2018-11-19,18:00,7,0
2198,0002,140.35,3,2018-11-20,0:00,3,1
2199,0002,2.59,8,2018-11-20,8:00,8,0
2200,0002,3.92,8,2018-11-20,12:00,8,0
2201,0002,6.72,8,2018-11-20,17:00,8,0
2202,0002,3.20,8,2018-11-21,8:00,8,0
2203,0002,4.14,8,2018-11-21,12:00,8,0
2204,0002,5.89,8,2018-11-21,17:00,8,0
2205,0002,19.99,4,2018-11-21,21:00,4,0
2206,0002,2.20,8,2018-11-22,8:00,8,0
2207,0002,3.52,8,2018-11-22,12:00,8,0
2208,0002,7.51,8,2018-11-22,17:00,8,0
2209,0002,12.12,7,2018-11-22,18:00,7,0
2210,0002,3.18,8,2018-11-23,8:00,8,0
2211,0002,4.81,8,2018-11-23,12:00,8,0
2212,0002,5.24,8,2018-11-23,17:00,8,0
2213,0002,1.48,8,2018-11-24,8:00,8,0
2214,0002,4.04,8,2018-11-24,12:00,8,0
2215,0002,7.71,8,2018-11-24,17:00,8,0
2216,0002,3.10,8,2018-11-25,8:00,8,0
2217,0002,3.26,8,2018-11-25,12:00,8,0
2218,0002,6.87,8,2018-11-25,17:00,8,0
2219,0002,12.12,7,2018-11-25,18:00,7,0
2220,0002,1.34,8,2018-11-26,8:00,8,0
2221,0002,5.44,8,2018-11-26,12:00,8,0
2222,0002,6.45,8,2018-11-26,17:00,8,0
2223,0002,19.99,4,2018-11-26,21:00,4,0
2224,0002,1.58,8,2018-11-27,8:00,8,0
2225,0002,5.56,8,2018-11-27,12:00,8,0
2226,0002,6.09,8,2018-11-27,17:00,8,0
2227,0002,1.30,8,2018-11-28,8:00,8,0
2228,0002,3.96,8,2018-11-28,12:00,8,0
2229,0002,7.97,8,2018-11-28,17:00,8,0
2230,0002,12.12,7,2018-11-28,18:00,7,0
2231,0002,2.31,8,2018-11-29,8:00,8,0
2232,0002,3.99,8,2018-11-29,12:00,8,0
2233,0002,6.93,8,2018-11-29,17:00,8,0
2234,0002,3.04,8,2018-11-30,8:00,8,0
2235,0002,4.99,8,2018-11-30,12:00,8,0
2236,0002,5.20,8,2018-11-30,17:00,8,0
2237,0002,1.40,8,2018-12-1,8:00,8,0
2238,0002,3.91,8,2018-12-1,12:00,8,0
2239,0002,7.92,8,2018-12-1,17:00,8,0
2240,0002,12.12,7,2018-12-1,18:00,7,0
2241,0002,19.99,4,2018-12-1,21:00,4,0
2242,0002,2.72,8,2018-12-2,8:00,8,0
2243,0002,3.63,8,2018-12-2,12:00,8,0
2244,0002,6.88,8,2018-12-2,17:00,8,0
2245,0002,2.67,8,2018-12-3,8:00,8,0
2246,0002,4.88,8,2018-12-3,12:00,8,0
2247,0002,5.68,8,2018-12-3,17:00,8,0
2248,0002,1.55,8,2018-12-4,8:00,8,0
2249,0002,5.98,8,2018-12-4,12:00,8,0
2250,0002,5.70,8,2018-12-4,17:00,8,0
2251,0002,12.12,7,2018-12-4,18:00,7,0
2252,0002,287.35,5,2018-12-5,0:00,5,1
2253,0002,1.52,8,2018-12-5,8:00,8,0
2254,0002,4.92,8,2018-12-5,12:00,8,0
2255,0002,6.79,8,2018-12-5,17:00,8,0
2256,0002,2.38,8,2018-12-6,8:00,8,0
2257,0002,3.54,8,2018-12-6,12:00,8,0
2258,0002,7.31,8,2018-12-6,17:00,8,0
2259,0002,19.99,4,2018-12-6,21:00,4,0
2260,0002,1.44,8,2018-12-7,8:00,8,0
2261,0002,4.19,8,2018-12-7,12:00,8,0
2262,0002,7.60,8,2018-12-7,17:00,8,0
2263,0002,12.12,7,2018-12-7,18:00,7,0
2264,0002,2.79,8,2018-12-8,8:00,8,0
2265,0002,3.18,8,2018-12-8,12:00,8,0
2266,0002,7.26,8,2018-12-8,17:00,8,0
2267,0002,3.69,8,2018-12-9,8:00,8,0
2268,0002,4.57,8,2018-12-9,12:00,8,0
2269,0002,4.97,8,2018-12-9,17:00,8,0
2270,0002,1.36,8,2018-12-10,8:00,8,0
2271,0002,5.90,8,2018-12-10,12:00,8,0
2272,0002,5.97,8,2018-12-10,17:00,8,0
2273,0002,12.12,7,2018-12-10,18:00,7,0
2274,0002,3.35,8,2018-12-11,8:00,8,0
2275,0002,3.35,8,2018-12-11,12:00,8,0
2276,0002,6.53,8,2018-12-11,17:00,8,0
2277,0002,19.99,4,2018-12-11,21:00,4,0
2278,0002,2.02,8,2018-12-12,8:00,8,0
2279,0002,5.21,8,2018-12-12,12:00,8,0
2280,0002,6.00,8,2018-12-12,17:00,8,0
2281,0002,436.25,6,2018-12-13,0:00,6,1
2282,0002,3.01,8,2018-12-13,8:00,8,0
2283,0002,4.48,8,2018-12-13,12:00,8,0
2284,0002,5.74,8,2018-12-13,17:00,8,0
2285,0002,12.12,7,2018-12-13,18:00,7,0
2286,0002,2.37,8,2018-12-14,8:00,8,0
2287,0002,3.94,8,2018-12-14,12:00,8,0
2288,0002,6.92,8,2018-12-14,17:00,8,0
2289,0002,1.65,8,2018-12-15,8:00,8,0
2290,0002,5.92,8,2018-12-15,12:00,8,0
2291,0002,5.66,8,2018-12-15,17:00,8,0
2292,0002,123.20,2,2018-12-15,19:00,2,0
2293,0002,2.47,8,2018-12-16,8:00,8,0
2294,0002,4.82,8,2018-12-16,12:00,8,0
2295,0002,5.94,8,2018-12-16,17:00,8,0
2296,0002,12.12,7,2018-12-16,18:00,7,0
2297,0002,19.99,4,2018-12-16,21:00,4,0
2298,0002,1.55,8,2018-12-17,8:00,8,0
2299,0002,4.21,8,2018-12-17,12:00,8,0
2300,0002,7.47,8,2018-12-17,17:00,8,0
2301,0002,1.39,8,2018-12-18,8:00,8,0
2302,0002,4.77,8,2018-12-18,12:00,8,0
2303,0002,7.07,8,2018-12-18,17:00,8,0
2304,0002,2.61,8,2018-12-19,8:00,8,0
2305,0002,3.67,8,2018-12-19,12:00,8,0
2306,0002,6.95,8,2018-12-19,17:00,8,0
2307,0002,12.12,7,2018-12-19,18:00,7,0
2308,0002,140.35,3,2018-12-20,0:00,3,1
2309,0002,3.81,8,2018-12-20,8:00,8,0
2310,0002,3.58,8,2018-12-20,12:00,8,0
2311,0002,5.84,8,2018-12-20,17:00,8,0
2312,0002,2.83,8,2018-12-21,8:00,8,0
2313,0002,2.49,8,2018-12-21,12:00,8,0
2314,0002,7.91,8,2018-12-21,17:00,8,0
2315,0002,19.99,4,2018-12-21,21:00,4,0
2316,0002,2.51,8,2018-12-22,8:00,8,0
2317,0002,5.26,8,2018-12-22,12:00,8,0
2318,0002,5.46,8,2018-12-22,17:00,8,0
2319,0002,12.12,7,2018-12-22,18:00,7,0
2320,0002,2.10,8,2018-12-23,8:00,8,0
2321,0002,4.25,8,2018-12-23,12:00,8,0
2322,0002,6.88,8,2018-12-23,17:00,8,0
2323,0002,2.70,8,2018-12-24,8:00,8,0
2324,0002,3.71,8,2018-12-24,12:00,8,0
2325,0002,6.82,8,2018-12-24,17:00,8,0
2326,0002,2.87,8,2018-12-25,8:00,8,0
2327,0002,2.86,8,2018-12-25,12:00,8,0
2328,0002,7.50,8,2018-12-25,17:00,8,0
2329,0002,12.12,7,2018-12-25,18:00,7,0
2330,0002,3.23,8,2018-12-26,8:00,8,0
2331,0002,5.79,8,2018-12-26,12:00,8,0
2332,0002,4.21,8,2018-12-26,17:00,8,0
2333,0002,19.99,4,2018-12-26,21:00,4,0
2334,0002,1.70,8,2018-12-27,8:00,8,0
2335,0002,3.96,8,2018-12-27,12:00,8,0
2336,0002,7.57,8,2018-12-27,17:00,8,0
2337,0002,2.25,8,2018-12-28,8:00,8,0
2338,0002,4.05,8,2018-12-28,12:00,8,0
2339,0002,6.93,8,2018-12-28,17:00,8,0
2340,0002,12.12,7,2018-12-28,18:00,7,0
2341,0002,2.15,8,2018-12-29,8:00,8,0
2342,0002,3.11,8,2018-12-29,12:00,8,0
2343,0002,7.97,8,2018-12-29,17:00,8,0
2344,0002,3.39,8,2018-12-30,8:00,8,0
2345,0002,3.41,8,2018-12-30,12:00,8,0
2346,0002,6.43,8,2018-12-30,17:00,8,0
2347,0002,1.55,8,2018-12-31,8:00,8,0
2348,0002,5.04,8,2018-12-31,12:00,8,0
2349,0002,6.64,8,2018-12-31,17:00,8,0
2350,0002,12.12,7,2018-12-31,18:00,7,0
2351,0002,19.99,4,2018-12-31,21:00,4,0
